id,year,region,female,immigrant,education,age,income,instrument,endogenous,treat,post,outcome,wage,employed,life_satisfaction,count_events,ordinal_satisfaction,likert_1,likert_2,likert_3
0,2018,central,0,1,10,34,38035.16360721146,0.39007708443593886,4.822716077247295,1,0,5.985279011164373,5866.559767212103,1,7.5858132174734685,0,4,2,3.0,3
0,2019,central,0,1,10,35,43434.31727673901,0.39007708443593886,2.845261138855815,1,0,4.069825380136669,7903.565172838711,1,8.496976582461093,3,5,3,4.0,2
0,2020,central,0,1,10,36,36339.64461300902,0.39007708443593886,1.737400243293702,1,0,7.697409784251171,5152.240424298886,1,5.796611182667819,2,3,2,4.0,3
0,2021,central,0,1,10,37,43847.68513243935,0.39007708443593886,3.2767353625300606,1,0,6.7815575360934615,5650.1334046257625,0,6.664114816904158,4,4,3,5.0,2
0,2022,central,0,1,10,38,52029.901627862055,0.39007708443593886,5.116838859579942,1,1,7.7952139331228985,7535.874908061158,1,7.466499949605467,3,4,3,4.0,4
0,2023,central,0,1,10,39,43316.59773790196,0.39007708443593886,5.234439127309766,1,1,8.06699155592473,5560.4208449768585,0,7.602815295381292,3,4,2,3.0,3
0,2024,central,0,1,10,40,44999.021785035024,0.39007708443593886,3.114706088064973,1,1,9.533818021569965,6173.127076735373,1,6.716897416974029,2,4,3,4.0,3
0,2025,central,0,1,10,41,42471.58146417206,0.39007708443593886,1.719322534531496,1,1,9.546517137630083,4058.216190674147,0,6.502700360524193,3,4,3,3.0,2
1,2018,central,0,0,18,28,58638.841315089216,-0.2375378591281849,4.486614683438262,1,0,2.332151070286439,7195.888729738693,1,9.434916850964646,1,5,4,3.0,5
1,2019,central,0,0,18,29,48497.9532884549,-0.2375378591281849,4.725829278187436,1,0,6.831878230293911,8294.261632044256,1,6.932079753683146,3,4,3,5.0,3
1,2020,central,0,0,18,30,45480.41026038516,-0.2375378591281849,2.8658594478227415,1,0,4.351785462150719,4962.894350296894,1,10.0,2,5,3,3.0,3
1,2021,central,0,0,18,31,47684.60072401224,-0.2375378591281849,5.336980122220414,1,0,1.0730122031604585,7339.200781285685,1,8.925966887018564,1,5,2,3.0,4
1,2022,central,0,0,18,32,51263.132273186806,-0.2375378591281849,4.825119477910624,1,1,5.194972089223317,6980.74747198425,1,8.435125440667885,0,5,1,4.0,3
1,2023,central,0,0,18,33,56428.22502239922,-0.2375378591281849,3.889905813225299,1,1,6.584558156227686,4505.808273276135,0,7.500749007698718,5,4,4,4.0,1
1,2024,central,0,0,18,34,58574.65939731397,-0.2375378591281849,4.704545654915098,1,1,7.616834727853119,8078.679351719906,1,10.0,0,5,5,4.0,3
1,2025,central,0,0,18,35,61869.240704406315,-0.2375378591281849,2.9705584102301876,1,1,5.27447979840696,7520.660395254698,1,9.404941221377412,1,5,5,3.0,2
2,2018,north,0,0,16,35,59161.72255992251,0.3193682011017465,6.262688609198031,1,0,7.756424664127499,9234.487744831466,1,8.243572337234543,1,5,5,3.0,4
2,2019,north,0,0,16,36,58634.25478147005,0.3193682011017465,6.065037357973755,1,0,5.837091787795946,10690.367586929784,0,6.085670802955152,2,3,3,4.0,4
2,2020,north,0,0,16,37,59552.84979299699,0.3193682011017465,5.22201544332047,1,0,5.791504500373043,8212.095858463956,1,7.706010954213316,0,4,3,3.0,4
2,2021,north,0,0,16,38,50401.128330625965,0.3193682011017465,4.39150823968636,1,0,5.5389097837793,10702.741485397753,1,8.256310289597176,3,5,3,3.0,3
2,2022,north,0,0,16,39,59202.92354658746,0.3193682011017465,4.351783177773647,1,1,10.853266961594825,8865.330836974601,1,8.080597417996644,3,5,2,4.0,3
2,2023,north,0,0,16,40,51618.8457072882,0.3193682011017465,4.079514782917187,1,1,8.873420220636834,9812.342709405435,0,7.5602066321854835,5,4,2,5.0,2
2,2024,north,0,0,16,41,58727.8935304292,0.3193682011017465,4.023103562446707,1,1,9.20115514624073,5701.276331323512,1,7.996362160698785,2,4,2,4.0,4
2,2025,north,0,0,16,42,58704.42158602679,0.3193682011017465,6.478223494109916,1,1,9.054146975687127,14118.81718114203,1,7.9696985438889625,5,4,3,4.0,3
3,2018,south,0,0,15,24,49749.025791753265,0.252361935094842,3.9369595855950235,1,0,3.2850249056939376,5392.126041486245,0,8.157709630103346,1,5,2,2.0,3
3,2019,south,0,0,15,25,51438.482313062035,0.252361935094842,2.3050625552091693,1,0,4.7531932024966395,3034.3093927002374,1,6.854395103249802,1,4,4,4.0,2
3,2020,south,0,0,15,26,45479.89712464232,0.252361935094842,4.073625990965442,1,0,3.6283838046246637,7227.9106010514115,1,7.930065361832204,3,4,2,3.0,2
3,2021,south,0,0,15,27,64488.42408652322,0.252361935094842,2.779778913803454,1,0,4.705827878016731,4649.5763250243745,1,9.776272371326307,2,5,4,4.0,3
3,2022,south,0,0,15,28,56875.962027567184,0.252361935094842,5.666665756465045,1,1,6.832869266478434,9392.268578153367,0,7.383883830038251,3,4,4,4.0,4
3,2023,south,0,0,15,29,45985.019896250844,0.252361935094842,3.367123536635754,1,1,7.844283441990401,5549.163068696412,1,8.233434648779369,1,5,3,4.0,3
3,2024,south,0,0,15,30,46291.035757171594,0.252361935094842,6.338236417970462,1,1,5.073416266132445,7434.002098690047,1,7.920332841656513,2,4,3,3.0,2
3,2025,south,0,0,15,31,51505.59916349323,0.252361935094842,4.540693786891391,1,1,9.606056639798629,8404.477076437332,1,,1,4,4,1.0,4
4,2018,south,0,1,12,22,50443.73902977618,0.2575424595055508,2.1599949051702536,1,0,4.332340339169912,2840.6232477464805,1,8.798691480441335,1,5,3,3.0,3
4,2019,south,0,1,12,23,54507.6360575494,0.2575424595055508,4.338604278574622,1,0,5.25597892079394,4942.089652560574,0,7.875958168912829,2,4,2,3.0,2
4,2020,south,0,1,12,24,50687.02214460139,0.2575424595055508,4.005988629161085,1,0,5.570954630616426,6050.0089446128595,1,7.900121569330992,2,4,2,5.0,2
4,2021,south,0,1,12,25,28479.238447758413,0.2575424595055508,4.222422571546884,1,0,6.850366871105363,7677.091047933655,0,6.867262073611105,2,4,1,3.0,4
4,2022,south,0,1,12,26,45396.057592433484,0.2575424595055508,3.853143133749108,1,1,5.811153759475115,4406.396504267686,1,6.537953039329027,1,4,4,4.0,4
4,2023,south,0,1,12,27,48338.98941415947,0.2575424595055508,4.592606712471428,1,1,1.7163825610277161,8552.382795065867,1,7.700670629496331,1,4,2,2.0,3
4,2024,south,0,1,12,28,42036.87062790211,0.2575424595055508,2.6918314591406785,1,1,5.521747903582994,3653.1645593561957,1,9.472124936268514,1,5,3,3.0,3
4,2025,south,0,1,12,29,42076.1266527834,0.2575424595055508,2.9992927633370265,1,1,8.063415564287107,3271.23812853329,1,6.796964775160796,2,4,4,4.0,2
5,2018,east,1,0,18,23,51209.33840943856,-0.8259601708378957,5.083813219362896,1,0,1.886206168256998,3920.121311447732,1,7.531626966289375,2,4,3,3.0,2
5,2019,east,1,0,18,24,60845.876712264035,-0.8259601708378957,4.056102030224171,1,0,5.73936763896863,6319.571490276377,1,8.570138786465122,3,5,4,4.0,3
5,2020,east,1,0,18,25,55381.15245664962,-0.8259601708378957,4.263996855409603,1,0,1.808277866653364,6823.341499538395,1,8.568626530558712,2,5,3,4.0,3
5,2021,east,1,0,18,26,56485.09321644875,-0.8259601708378957,3.271328016453772,1,0,4.294786801747081,3946.8069300477982,0,9.384122714796538,2,5,4,4.0,4
5,2022,east,1,0,18,27,59214.70039045114,-0.8259601708378957,2.5278228001782357,1,1,6.404045296767578,3378.4053877496863,0,6.301007580396436,3,3,3,3.0,3
5,2023,east,1,0,18,28,49446.2859358377,-0.8259601708378957,4.150992531546761,1,1,5.2607790787815585,5321.575831964615,1,7.201725736663079,0,4,2,3.0,3
5,2024,east,1,0,18,29,64311.241670952455,-0.8259601708378957,3.358297857953816,1,1,7.8470774270428105,4134.036364100702,1,7.2085369887533695,1,4,2,4.0,3
5,2025,east,1,0,18,30,55698.082012566316,-0.8259601708378957,4.471167667875174,1,1,4.707689741891013,4737.8136825451575,1,8.674763142633793,1,5,2,3.0,1
6,2018,east,1,0,13,51,59157.11306932278,0.25625491356124425,3.4038952380188547,1,0,0.5232061835196651,4409.1139180566715,0,5.7570993878523895,1,3,5,2.0,3
6,2019,east,1,0,13,52,63792.161330978335,0.25625491356124425,2.4689468328803885,1,0,4.362936784847127,3598.01317759739,1,8.23506123049823,3,5,5,3.0,2
6,2020,east,1,0,13,53,58995.70536283336,0.25625491356124425,2.481107034286089,1,0,0.36073521901183647,4101.455698106137,1,8.71212108361113,2,5,5,5.0,4
6,2021,east,1,0,13,54,41058.56016814322,0.25625491356124425,1.420379141574858,1,0,1.6194033246309238,3349.2915650751006,1,7.4779670471209645,4,4,3,3.0,4
6,2022,east,1,0,13,55,62374.54664535948,0.25625491356124425,4.151790549811737,1,1,5.8334354694179895,6240.688204332864,0,8.948595034858542,4,5,2,4.0,3
6,2023,east,1,0,13,56,51763.33032996495,0.25625491356124425,4.984903540820579,1,1,3.8037365951665585,5186.850141072937,1,7.989166153626365,5,4,2,3.0,3
6,2024,east,1,0,13,57,59550.79999660306,0.25625491356124425,4.413296268517846,1,1,6.617868510525382,8080.686500573092,1,6.772078519582479,4,4,3,3.0,3
6,2025,east,1,0,13,58,54353.47264764347,0.25625491356124425,1.3784357576343336,1,1,5.922730676132051,3547.724782628289,0,7.876786789931094,3,4,2,3.0,3
7,2018,north,1,1,11,50,45748.123116355884,-1.1293183267394014,1.5813463916010084,1,0,3.841934256167892,5617.592287175944,1,8.251400609431851,3,5,5,,3
7,2019,north,1,1,11,51,47679.17531578456,-1.1293183267394014,2.6985167204733687,1,0,2.6646104551844534,3324.867323344749,0,8.50059364260876,1,5,3,4.0,2
7,2020,north,1,1,11,52,56305.73713485319,-1.1293183267394014,2.412875601511499,1,0,4.526641941786916,5180.9783946085845,0,6.619200180697714,4,4,2,3.0,4
7,2021,north,1,1,11,53,51674.83453942318,-1.1293183267394014,4.315207299233864,1,0,4.0182772222994485,4473.288840912117,1,9.455295589503182,4,5,4,3.0,2
7,2022,north,1,1,11,54,45388.93207643534,-1.1293183267394014,2.8728454713875706,1,1,7.23985776758899,5233.507281031944,1,7.269790330792394,4,4,2,4.0,2
7,2023,north,1,1,11,55,48865.20146935441,-1.1293183267394014,2.7964489127407046,1,1,8.62461502254457,4800.471673461907,1,5.421111734247652,4,3,3,,4
7,2024,north,1,1,11,56,59884.003071707164,-1.1293183267394014,2.981349393171619,1,1,5.809880792138085,6720.4386808139925,1,7.362718248680412,1,4,3,4.0,3
7,2025,north,1,1,11,57,63223.43177717319,-1.1293183267394014,0.6954086008632765,1,1,7.343567876190147,4557.30332236771,1,6.820163545554084,5,4,4,4.0,3
8,2018,east,0,0,13,44,57695.830931889046,1.133266527862163,4.734640925562437,1,0,5.402126858652733,6983.77550937697,1,9.136930671253324,1,5,4,4.0,3
8,2019,east,0,0,13,45,52007.62171742849,1.133266527862163,5.355803708755083,1,0,3.566324525967416,9046.635741236318,1,9.75021521909351,4,5,4,3.0,3
8,2020,east,0,0,13,46,52225.35798199676,1.133266527862163,4.275563548683038,1,0,5.202406941998852,5806.782593703051,1,7.292557316248433,4,4,5,3.0,1
8,2021,east,0,0,13,47,56784.06128797561,1.133266527862163,5.382842589904776,1,0,7.806626128672713,10293.7646806724,1,6.4815222416600875,1,3,5,2.0,4
8,2022,east,0,0,13,48,56163.976830139516,1.133266527862163,5.668858241598349,1,1,7.218866322922036,8497.621426811085,1,8.262836564903107,5,5,3,2.0,3
8,2023,east,0,0,13,49,57541.5475685335,1.133266527862163,3.0080466311593863,1,1,8.132741048224467,5655.209731624279,1,7.055443144221554,2,4,3,3.0,3
8,2024,east,0,0,13,50,41990.09150788169,1.133266527862163,2.5626759455412347,1,1,6.5443602188727485,6927.760535141051,1,7.07507186165289,1,4,3,3.0,4
8,2025,east,0,0,13,51,52790.39906854872,1.133266527862163,4.354611791555933,1,1,9.69111355894,5949.370828703946,1,7.8514125839593385,4,4,3,3.0,4
9,2018,north,0,0,15,35,46003.28022364472,0.5548980821780347,3.635052367958706,1,0,7.828437403211694,7793.4419623444,0,7.432093050201995,1,4,3,4.0,4
9,2019,north,0,0,15,36,54604.583767854805,0.5548980821780347,4.097937515309635,1,0,3.572341600344406,8219.119758248531,0,7.652710458362582,0,4,3,3.0,3
9,2020,north,0,0,15,37,46092.77000848601,0.5548980821780347,5.009002592737518,1,0,5.4079701593319305,11567.456365989248,0,7.671500083125033,4,4,2,4.0,3
9,2021,north,0,0,15,38,48739.02932068218,0.5548980821780347,6.870272828978121,1,0,4.683023403884115,9386.833973399502,0,7.399767067926377,1,4,3,4.0,4
9,2022,north,0,0,15,39,46290.85614344841,0.5548980821780347,3.65863229332933,1,1,8.689264307959293,5630.646179816036,0,8.422674766894522,4,5,3,3.0,3
9,2023,north,0,0,15,40,57085.10549014813,0.5548980821780347,3.6177446050312256,1,1,7.709029362445845,6953.961697025139,1,9.383611057557994,3,5,3,5.0,3
9,2024,north,0,0,15,41,60006.92037949522,0.5548980821780347,5.663804181818335,1,1,5.944563813796963,11650.846616375857,1,7.400470367681489,3,4,3,4.0,3
9,2025,north,0,0,15,42,62483.57669679918,0.5548980821780347,5.717620930474217,1,1,7.333599055404483,7221.961643432956,0,9.48542090787719,5,5,4,3.0,4
10,2018,west,1,0,16,48,69483.58739571668,0.9084946829664067,3.3837724289741624,1,0,3.4720393141113486,12637.879902331651,1,9.973438425143694,6,5,4,5.0,2
10,2019,west,1,0,16,49,50499.33180432457,0.9084946829664067,3.89032090913017,1,0,7.360774563361151,7344.187495979046,0,8.930542627875756,1,5,4,4.0,3
10,2020,west,1,0,16,50,62516.30777793033,0.9084946829664067,5.120132253547343,1,0,6.2455063920089655,10582.123738983697,1,8.284632210239376,6,5,2,3.0,2
10,2021,west,1,0,16,51,55628.438128669084,0.9084946829664067,4.328121442737962,1,0,5.821320567404183,9318.624880276673,0,8.906659054128216,4,5,2,4.0,5
10,2022,west,1,0,16,52,76524.95012141381,0.9084946829664067,4.5901839100927235,1,1,9.63719656806055,11060.005308192049,1,7.709364968452919,1,4,2,4.0,4
10,2023,west,1,0,16,53,58882.9352692924,0.9084946829664067,4.335138421523075,1,1,10.851654684932246,11608.266885173583,1,7.790976644067452,5,4,3,2.0,1
10,2024,west,1,0,16,54,68539.56482207535,0.9084946829664067,6.135889022146353,1,1,7.684053110010562,12689.791896971641,1,9.066768480197933,4,5,3,3.0,4
10,2025,west,1,0,16,55,55985.994946591054,0.9084946829664067,5.3623460865463315,1,1,11.678282936580423,10267.845719648118,1,7.7630404447023675,3,4,3,5.0,3
11,2018,central,0,0,9,50,47807.215256356954,1.0368819406941712,2.475918106054487,1,0,2.945245993486636,4010.397561611173,1,6.6318406936809,5,4,3,2.0,3
11,2019,central,0,0,9,51,54129.542394467215,1.0368819406941712,1.951860523348239,1,0,2.2578948736186004,4608.299602583,0,7.903970196148047,1,4,2,1.0,5
11,2020,central,0,0,9,52,55905.88652154826,1.0368819406941712,3.7793126037575178,1,0,1.4123879939031347,4604.293060844694,1,6.944392108390294,4,4,3,4.0,2
11,2021,central,0,0,9,53,50885.531949847966,1.0368819406941712,3.285753830238915,1,0,2.791090957102681,3496.8626546296005,1,8.584262874503404,0,5,3,3.0,5
11,2022,central,0,0,9,54,48450.40451952645,1.0368819406941712,3.4006313314697354,1,1,1.5838612806307442,3840.188357442014,0,,4,4,3,3.0,2
11,2023,central,0,0,9,55,42343.040066276524,1.0368819406941712,3.1331332435918346,1,1,4.328699314829374,5329.171370861989,1,5.735196290926449,4,3,4,3.0,3
11,2024,central,0,0,9,56,57572.13565670094,1.0368819406941712,3.0003563020458914,1,1,4.265942853112749,3155.197202090715,1,7.74815857210099,1,4,3,3.0,3
11,2025,central,0,0,9,57,51653.50837338944,1.0368819406941712,0.9641284873547562,1,1,4.7869871731361,2922.4933935446024,1,6.231246911258506,5,3,3,4.0,3
12,2018,north,0,0,9,46,49672.549585443776,-1.1606236719541771,0.43176163909509413,1,0,4.535528381081338,3251.7253505933663,1,5.961188846322278,5,3,3,3.0,4
12,2019,north,0,0,9,47,43154.53212627656,-1.1606236719541771,1.065770811472448,1,0,3.1861569083953927,3338.1734667313685,0,5.739177891284518,5,3,5,3.0,2
12,2020,north,0,0,9,48,43238.71336868584,-1.1606236719541771,3.195984246787506,1,0,5.860282701414985,6026.847801096615,1,8.47116060498496,1,5,4,2.0,3
12,2021,north,0,0,9,49,59650.586370092235,-1.1606236719541771,1.4828954187331547,1,0,5.480547663846535,3061.340053269667,1,7.379315494346982,2,4,2,3.0,3
12,2022,north,0,0,9,50,30947.677873075107,-1.1606236719541771,2.9620289534813917,1,1,3.8278215183261812,4298.120848040238,1,5.396196423954599,0,3,3,1.0,4
12,2023,north,0,0,9,51,43496.19556501829,-1.1606236719541771,1.6038866294263603,1,1,2.353272832725244,3360.3667109295798,0,9.49332015362948,2,5,2,4.0,2
12,2024,north,0,0,9,52,67895.3467454559,-1.1606236719541771,1.2549190081294557,1,1,5.762878374316582,3954.3462515714887,1,8.420513668948956,3,5,4,5.0,3
12,2025,north,0,0,9,53,47856.17845271925,-1.1606236719541771,0.910604019020234,1,1,4.835738773137009,2574.7516574359474,0,7.410933773233046,2,4,3,1.0,5
13,2018,west,1,0,14,27,49977.590729329386,0.20316948699593182,2.4823088022658233,1,0,5.842915225062997,4089.964369670314,1,8.513836010987099,4,5,3,5.0,2
13,2019,west,1,0,14,28,46628.112625311165,0.20316948699593182,4.206493039356411,1,0,2.161012109409537,5506.1050676833875,1,8.263582066054742,4,5,4,3.0,4
13,2020,west,1,0,14,29,47519.58596543403,0.20316948699593182,4.472159512163216,1,0,0.8915181693837377,6040.919414852682,0,8.44917345156796,2,5,4,3.0,2
13,2021,west,1,0,14,30,46985.17408381203,0.20316948699593182,1.270894297912783,1,0,4.628910183927079,3756.5849033343225,1,8.373139734264079,2,5,4,4.0,2
13,2022,west,1,0,14,31,53113.87558947041,0.20316948699593182,4.610129315724278,1,1,3.4048247022440283,5098.4116227040195,1,8.048431685753098,1,5,3,4.0,3
13,2023,west,1,0,14,32,50944.733832339385,0.20316948699593182,4.272973430971902,1,1,7.936742066496852,6699.0712104425165,1,7.4938022878712305,0,4,4,4.0,4
13,2024,west,1,0,14,33,59768.357623615404,0.20316948699593182,5.263197725072604,1,1,4.36377157534825,8459.510662958619,1,7.020696022834917,0,4,3,4.0,3
13,2025,west,1,0,14,34,57132.137097938976,0.20316948699593182,3.370691219157317,1,1,5.914064376400598,7581.651808619141,0,8.312901066929678,0,5,4,3.0,2
14,2018,west,1,0,14,36,59625.73279197869,0.8366054625261699,3.7362488003410537,1,0,3.5555063276569125,7518.829540754646,1,8.540207076981329,1,5,2,3.0,2
14,2019,west,1,0,14,37,46963.63800748544,0.8366054625261699,3.506987544970207,1,0,5.740678570450674,5106.729841477213,1,9.614238493845866,1,5,3,4.0,3
14,2020,west,1,0,14,38,55584.28037533322,0.8366054625261699,4.436426309973818,1,0,4.732142380870334,5752.6584554947085,0,6.6815850836861,3,4,3,3.0,2
14,2021,west,1,0,14,39,38396.735105127715,0.8366054625261699,1.6151622408422748,1,0,6.138603365792533,6911.1700896110615,1,8.504672140991804,2,5,3,3.0,3
14,2022,west,1,0,14,40,54620.9978542449,0.8366054625261699,3.2962244827549245,1,1,3.9381870023163925,5089.256795107361,1,8.853396493930079,2,5,4,3.0,4
14,2023,west,1,0,14,41,54889.138939524724,0.8366054625261699,3.6610794056377256,1,1,6.2609392582467285,5366.375523144949,1,8.782284830958954,5,5,3,3.0,3
14,2024,west,1,0,14,42,74160.3566588924,0.8366054625261699,2.6819307943126383,1,1,7.113774811628345,4191.441986766544,1,9.261139191889008,1,5,5,3.0,4
14,2025,west,1,0,14,43,53810.00311846539,0.8366054625261699,4.642519367740326,1,1,4.093622383587896,8435.590820461457,1,8.618170728785055,3,5,4,4.0,4
15,2018,east,1,1,17,27,56050.81618261822,1.1169574791383585,5.9132976807068385,1,0,5.825289298210401,11233.794614743892,1,7.381442276412536,2,4,4,2.0,3
15,2019,east,1,1,17,28,48800.843102398634,1.1169574791383585,4.900815568374398,1,0,8.609508635839985,10924.868421145507,0,8.598076387257173,1,5,2,3.0,4
15,2020,east,1,1,17,29,47953.07627258978,1.1169574791383585,4.469600504229473,1,0,5.442109904244261,9009.078435883199,1,7.233526511769454,2,4,3,3.0,5
15,2021,east,1,1,17,30,44144.15178878682,1.1169574791383585,6.215035030301967,1,0,6.925478651780105,11325.057804937722,1,6.305445873110578,3,3,3,3.0,3
15,2022,east,1,1,17,31,62772.51219698681,1.1169574791383585,5.139838441353249,1,1,7.822113508161857,8058.831765520257,1,9.937618010851379,0,5,2,3.0,3
15,2023,east,1,1,17,32,,1.1169574791383585,5.852555916873348,1,1,8.760376741636689,7095.990857368381,0,7.918805675517692,0,4,1,5.0,2
15,2024,east,1,1,17,33,49144.24338926757,1.1169574791383585,5.706610926714524,1,1,8.184229715447088,12743.485766638982,1,5.720330959193753,1,3,4,3.0,4
15,2025,east,1,1,17,34,49921.51597542479,1.1169574791383585,6.622414324297726,1,1,8.451097972252235,9912.945871902044,1,7.148590918221337,2,4,3,3.0,3
16,2018,west,1,1,13,49,48068.94612715227,-0.44070348477875315,2.3220837469209687,1,0,3.4785905520315983,5222.462858709256,0,7.5829353037418326,4,4,3,2.0,3
16,2019,west,1,1,13,50,56691.708625895495,-0.44070348477875315,1.8769651037942006,1,0,3.143728126843852,4356.1230718845845,1,,1,4,4,4.0,3
16,2020,west,1,1,13,51,45002.01640440901,-0.44070348477875315,2.867142843668696,1,0,5.092877411852338,4599.372267662737,1,7.849036644599769,2,4,2,5.0,4
16,2021,west,1,1,13,52,61686.46930009161,-0.44070348477875315,1.6546638828601106,1,0,1.0514153494680678,3326.5525304279145,1,7.078999762844772,4,4,3,2.0,2
16,2022,west,1,1,13,53,49359.33319070241,-0.44070348477875315,1.8057627213065601,1,1,2.256349166285958,3855.306735487958,0,8.808752046733364,1,5,2,1.0,1
16,2023,west,1,1,13,54,62587.55255005128,-0.44070348477875315,2.1336910077069753,1,1,7.122501345855632,5254.419118596562,1,7.261620598350466,3,4,2,3.0,4
16,2024,west,1,1,13,55,60031.92954637835,-0.44070348477875315,5.593624500989831,1,1,5.747406678452196,9929.70435048302,1,8.42445580330324,1,5,3,3.0,4
16,2025,west,1,1,13,56,67984.58242865383,-0.44070348477875315,3.2364634200602254,1,1,5.445451939489406,8627.360642768308,1,7.553521617424419,1,4,2,2.0,4
17,2018,north,1,0,16,52,66040.92438162341,-0.3597970693004041,6.22966611997561,1,0,2.9889311067688404,8768.96247331355,1,8.602767218431598,2,5,5,2.0,3
17,2019,north,1,0,16,53,62697.871363422004,-0.3597970693004041,4.643022316495768,1,0,4.244483648205595,9392.672931185505,1,9.067331043510741,3,5,3,4.0,2
17,2020,north,1,0,16,54,63428.73980051227,-0.3597970693004041,2.3046574788572234,1,0,4.100529135681218,10405.897783897735,0,8.902128256190059,3,5,3,2.0,2
17,2021,north,1,0,16,55,60764.45053943758,-0.3597970693004041,4.582440355903736,1,0,4.732037428772896,8723.221481140976,1,8.479717764127768,1,5,3,4.0,4
17,2022,north,1,0,16,56,59174.33628716576,-0.3597970693004041,2.9658814243997815,1,1,7.906162845577176,7328.83820966576,1,6.698762259097985,4,4,1,2.0,3
17,2023,north,1,0,16,57,63893.05994026153,-0.3597970693004041,2.6984554092160358,1,1,6.783013300211865,7160.89618089504,1,9.758533445596369,2,5,4,4.0,3
17,2024,north,1,0,16,58,55735.01042433543,-0.3597970693004041,5.190251871533702,1,1,5.19245300152349,12361.26725954519,0,6.004843723062942,4,3,2,3.0,2
17,2025,north,1,0,16,59,57308.97964502364,-0.3597970693004041,3.0664231837384177,1,1,6.115590429794828,8100.726903652085,1,8.718043211057095,3,5,5,3.0,1
18,2018,north,1,1,15,43,47548.02659905268,-0.49679471852771995,4.12176459854121,1,0,5.50100398560469,6787.601834841989,1,8.223444636380712,0,5,4,4.0,2
18,2019,north,1,1,15,44,54713.73182991105,-0.49679471852771995,2.1540918359438432,1,0,4.513593134899632,4777.541749101585,1,7.639236287766954,1,4,3,3.0,3
18,2020,north,1,1,15,45,60531.83074643742,-0.49679471852771995,3.1514613298351994,1,0,2.748775336158526,5389.367264773724,1,6.817499060416009,1,4,2,4.0,5
18,2021,north,1,1,15,46,56183.24658258458,-0.49679471852771995,4.096829643722432,1,0,6.52530705042551,6895.000024208196,1,8.617469370298208,1,5,4,3.0,4
18,2022,north,1,1,15,47,58814.051876127065,-0.49679471852771995,3.5790624807605997,1,1,5.206549758695019,7881.639421902079,0,9.422467944228448,7,5,3,5.0,4
18,2023,north,1,1,15,48,48881.41007317279,-0.49679471852771995,3.3960424762097428,1,1,7.54159260592617,7355.906173938803,0,5.256264715608209,2,3,3,3.0,2
18,2024,north,1,1,15,49,56300.19314677958,-0.49679471852771995,2.478447393662168,1,1,6.9907914450391795,6485.722612606779,1,7.268060014541832,3,4,4,4.0,4
18,2025,north,1,1,15,50,70893.97543146324,-0.49679471852771995,4.173849823786842,1,1,8.254081975064754,6929.148946919212,1,7.53232208009979,6,4,3,3.0,3
19,2018,west,1,0,13,48,50004.329717590736,-1.8087947038546435,0.7103095161581818,1,0,0.5270011561372838,3546.4751046130305,1,7.986880436825863,1,4,3,5.0,2
19,2019,west,1,0,13,49,47829.15350242601,-1.8087947038546435,1.7423700461229086,1,0,5.056598658968443,4838.672726081179,1,8.587265378592274,1,5,3,4.0,2
19,2020,west,1,0,13,50,47198.66893272651,-1.8087947038546435,3.7147709501444526,1,0,0.7723368233288936,4719.176478611411,1,7.35790102409431,2,4,4,2.0,4
19,2021,west,1,0,13,51,63760.300954892016,-1.8087947038546435,3.077505931505983,1,0,2.817183740109594,5670.434323281615,0,7.28323623930582,1,4,4,4.0,1
19,2022,west,1,0,13,52,59360.07045825447,-1.8087947038546435,1.9655017471864942,1,1,4.287705844478374,5902.756138035866,1,7.297976753746768,2,4,3,4.0,3
19,2023,west,1,0,13,53,51493.29665357563,-1.8087947038546435,1.0553093924496877,1,1,4.570748386497666,3245.532476304913,1,8.001794612408323,4,5,3,3.0,2
19,2024,west,1,0,13,54,61315.41215829968,-1.8087947038546435,2.597258404119728,1,1,5.664910658086949,8089.302806507985,0,7.603706489989072,5,4,4,4.0,3
19,2025,west,1,0,13,55,58162.91462352408,-1.8087947038546435,2.122333297096837,1,1,6.0140334046971,6233.760848657239,1,10.0,5,5,3,4.0,5
20,2018,west,0,0,10,39,47644.33030133233,2.326608065846337,6.011382191559161,1,0,7.339729266961158,6440.236095695637,1,7.816568063294787,2,4,4,2.0,3
20,2019,west,0,0,10,40,48109.34458611165,2.326608065846337,5.604137524719064,1,0,6.1973235283075745,6391.559962981071,1,6.487487772063363,1,3,3,3.0,3
20,2020,west,0,0,10,41,38457.060786014736,2.326608065846337,3.6465313774625208,1,0,6.486939322152565,6424.628219654542,1,5.062188208173577,2,3,5,4.0,1
20,2021,west,0,0,10,42,49483.3645675729,2.326608065846337,4.278336244420882,1,0,5.703840469904817,5906.194661200167,1,7.615518585981235,2,4,2,3.0,2
20,2022,west,0,0,10,43,42265.003409572266,2.326608065846337,4.280409347297139,1,1,9.654133980141703,9966.231961156176,1,5.755047070103519,0,3,3,5.0,2
20,2023,west,0,0,10,44,45380.47034168613,2.326608065846337,3.36727536777723,1,1,7.826814089763313,4691.0590435532895,1,6.759537281552392,4,4,2,1.0,3
20,2024,west,0,0,10,45,43902.85820694084,2.326608065846337,5.897820766346123,1,1,6.996488091257477,9300.719656687685,1,8.361516119096759,2,5,3,3.0,3
20,2025,west,0,0,10,46,53655.61975012317,2.326608065846337,4.783582713717748,1,1,5.987391341720555,6362.911362265382,1,7.958487426461305,3,4,3,5.0,3
21,2018,east,1,0,9,28,34269.10322231668,1.908325330648575,3.4508817311092335,1,0,0.36444953048870454,4514.333566062801,0,7.627756611795862,0,4,3,4.0,2
21,2019,east,1,0,9,29,45976.47841422284,1.908325330648575,3.7385250149928697,1,0,6.740126478481799,4943.788628533027,1,6.5654312816272435,2,4,3,3.0,3
21,2020,east,1,0,9,30,22578.299223172988,1.908325330648575,3.4592450000397035,1,0,3.222891865335885,3492.1153549668534,1,6.3439997121541385,1,3,4,3.0,3
21,2021,east,1,0,9,31,45224.72218071558,1.908325330648575,4.021779049794928,1,0,4.922132041382695,5112.04056154446,1,8.26038936703358,1,5,3,2.0,5
21,2022,east,1,0,9,32,51505.14704959625,1.908325330648575,3.600757255715634,1,1,5.143436931309829,4103.1644649458885,1,8.252794496928209,0,5,4,3.0,4
21,2023,east,1,0,9,33,48487.66766961621,1.908325330648575,2.771317165198812,1,1,5.036664369296827,4800.196334496172,0,8.316589777814391,3,5,4,4.0,3
21,2024,east,1,0,9,34,52684.436675324985,1.908325330648575,2.58711954904852,1,1,6.912655453021754,3747.146731827281,0,6.981535431866645,3,4,4,3.0,3
21,2025,east,1,0,9,35,38587.679142143286,1.908325330648575,3.4681046098903483,1,1,4.149145867483758,4093.931215655986,0,8.236325385264054,2,5,3,3.0,2
22,2018,central,0,0,13,54,58576.3296661317,-1.4599874234825314,0.3807439762379379,1,0,4.208050680930278,4092.222855617399,1,7.081233963613958,3,4,3,4.0,3
22,2019,central,0,0,13,55,,-1.4599874234825314,0.9263820959686271,1,0,3.3424412525743032,5659.191375819712,1,7.6675245275985935,3,4,3,3.0,4
22,2020,central,0,0,13,56,45178.18151883175,-1.4599874234825314,2.13028383212734,1,0,3.7384617674990688,6546.600568359233,1,6.729122734290055,3,4,4,2.0,3
22,2021,central,0,0,13,57,53593.667188744635,-1.4599874234825314,3.052687800770412,1,0,0.922597782687756,6586.613474426695,0,8.069335012614214,2,5,3,3.0,5
22,2022,central,0,0,13,58,62281.03593144858,-1.4599874234825314,2.1152873076472045,1,1,4.801391802235425,4234.84020074177,1,10.0,2,5,4,4.0,3
22,2023,central,0,0,13,59,59452.54239837174,-1.4599874234825314,1.9809925669612551,1,1,4.28146099293951,5945.92496461444,1,7.731914721152903,2,4,4,5.0,3
22,2024,central,0,0,13,60,55433.20416403033,-1.4599874234825314,2.6826964006108245,1,1,3.6875158929700214,6152.656946488458,0,9.735779128579564,2,5,3,2.0,3
22,2025,central,0,0,13,61,62669.72514559575,-1.4599874234825314,3.1557925125165323,1,1,4.029295340777738,7700.361018351605,1,7.938268990805261,2,4,3,4.0,2
23,2018,west,0,0,14,25,31323.90598807094,-1.0041692922943517,1.7101162613754666,1,0,4.25560003772568,6551.530392208656,1,5.139857710260779,0,3,4,5.0,3
23,2019,west,0,0,14,26,45061.19625339812,-1.0041692922943517,3.424913442807032,1,0,4.270375486346828,7577.553124257703,1,8.15478864357479,1,5,4,4.0,2
23,2020,west,0,0,14,27,34542.01877731264,-1.0041692922943517,2.7196752093280336,1,0,5.1991476272072505,6147.477314745127,0,7.575551132756722,1,4,4,4.0,3
23,2021,west,0,0,14,28,54743.54309712313,-1.0041692922943517,2.526673351899071,1,0,3.1736459451550503,7643.610961347854,1,6.685674988238292,0,4,2,5.0,2
23,2022,west,0,0,14,29,36346.08422126276,-1.0041692922943517,2.665632678912846,1,1,6.347535132906313,5380.08784883064,0,8.824626416094077,1,5,4,4.0,4
23,2023,west,0,0,14,30,55562.446978195694,-1.0041692922943517,4.029136414051266,1,1,8.412795389338257,4766.552489999309,1,10.0,1,5,4,3.0,5
23,2024,west,0,0,14,31,56998.76448331811,-1.0041692922943517,2.4943245439725317,1,1,4.992132104176827,4497.393030427188,1,7.310399362454444,2,4,3,3.0,3
23,2025,west,0,0,14,32,40017.15115347095,-1.0041692922943517,2.6212453277324133,1,1,8.95659084250192,5099.738071877796,1,6.479044887732058,3,3,2,3.0,3
24,2018,east,0,0,15,54,60782.74469637077,0.07251432986637375,5.594999308674971,1,0,4.906165716378555,11696.92802699559,1,8.532976442644157,5,5,3,4.0,3
24,2019,east,0,0,15,55,74350.0914161231,0.07251432986637375,3.6177954753702695,1,0,2.7155003329270615,6503.518433711644,1,9.12804776808272,4,5,5,4.0,3
24,2020,east,0,0,15,56,64193.077969138874,0.07251432986637375,5.6722829528250305,1,0,0.607374367598549,7346.984550043548,1,7.250073528106143,3,4,4,,4
24,2021,east,0,0,15,57,64711.38185399168,0.07251432986637375,1.8121358999500552,1,0,3.6403186182994505,5514.8011260353005,1,9.354769348772184,5,5,3,1.0,4
24,2022,east,0,0,15,58,59875.20223204733,0.07251432986637375,3.0402708838173123,1,1,4.8754003916328,9416.391419804171,0,6.50520909248565,7,4,4,4.0,3
24,2023,east,0,0,15,59,62697.45478277139,0.07251432986637375,4.404656662200042,1,1,5.639121039783425,11838.503140962539,1,9.00570326356707,3,5,3,4.0,3
24,2024,east,0,0,15,60,69056.79758329153,0.07251432986637375,3.4781823533182807,1,1,8.611155712902615,8791.565093416866,1,8.333839939123441,1,5,2,3.0,3
24,2025,east,0,0,15,61,57380.788377744975,0.07251432986637375,4.785400748105096,1,1,9.262272612177021,9530.091568193042,1,9.761950400188262,6,5,2,3.0,5
25,2018,central,1,0,10,48,40512.18579541473,0.3691273476343539,3.3564074006871465,1,0,3.424505755804085,3446.9685421189847,1,8.293029910715186,1,5,3,4.0,3
25,2019,central,1,0,10,49,59058.90871750837,0.3691273476343539,3.0126058023410813,1,0,3.131362328383381,3991.401815909685,1,8.45263564422377,0,5,4,2.0,4
25,2020,central,1,0,10,50,47456.47059152189,0.3691273476343539,2.658483151641379,1,0,1.7444530864832142,7955.818666162334,0,8.553403797059923,0,5,3,,3
25,2021,central,1,0,10,51,49638.62506507547,0.3691273476343539,5.797827047561579,1,0,4.45040353135556,6194.311062504535,0,7.653778692311176,1,4,3,3.0,3
25,2022,central,1,0,10,52,58774.51241044178,0.3691273476343539,2.37160228448822,1,1,3.2028064212607155,3723.1879378079734,0,3.520006551403632,6,2,4,5.0,2
25,2023,central,1,0,10,53,,0.3691273476343539,4.0719840366144195,1,1,6.973989000037845,4950.099288105112,0,5.941669987586946,2,3,3,3.0,3
25,2024,central,1,0,10,54,49455.88923620288,0.3691273476343539,2.247415606894593,1,1,4.200049513250904,4501.568893337187,1,6.8425234416614655,6,4,1,4.0,3
25,2025,central,1,0,10,55,54227.79836234664,0.3691273476343539,3.062328296082332,1,1,3.5363931429303377,5054.845502960385,1,7.629404692582221,2,4,3,3.0,2
26,2018,south,1,0,22,54,88808.08213696885,-0.8224557641673971,5.415437058113653,1,0,5.251010278160582,11799.56453453418,1,9.58315984959239,2,5,3,4.0,3
26,2019,south,1,0,22,55,71440.94016480076,-0.8224557641673971,3.9761942945241753,1,0,7.564156209908463,13917.956933448346,1,,7,5,2,,2
26,2020,south,1,0,22,56,67379.49440750411,-0.8224557641673971,5.229708463018236,1,0,3.9120732739731388,16675.08312179882,1,9.012973861424154,2,5,5,3.0,2
26,2021,south,1,0,22,57,72878.88191532467,-0.8224557641673971,5.697464283170083,1,0,5.55474923517448,14458.166580244968,1,7.8616702734418045,3,4,4,4.0,3
26,2022,south,1,0,22,58,59399.62093128133,-0.8224557641673971,6.007211712894234,1,1,6.839775080717352,20645.581525058635,0,9.141219573218557,2,5,3,2.0,3
26,2023,south,1,0,22,59,66424.97757406156,-0.8224557641673971,4.887913011049504,1,1,7.4130899672947725,17682.124177430214,1,7.7523989745346515,2,4,2,4.0,3
26,2024,south,1,0,22,60,68497.53240767695,-0.8224557641673971,4.971976899747183,1,1,8.573031875028011,17972.915423850543,1,9.484047295624316,2,5,4,2.0,2
26,2025,south,1,0,22,61,68791.62692724958,-0.8224557641673971,4.368094970597005,1,1,10.05802161294488,7835.027442967777,1,9.429652858535572,5,5,5,3.0,4
27,2018,north,0,0,12,27,47051.905987976184,0.04147855787810525,3.594077316622699,1,0,1.7421718732389968,3562.9882433023813,0,5.815623720552557,2,3,4,2.0,2
27,2019,north,0,0,12,28,38387.33933900944,0.04147855787810525,3.599254475805015,1,0,0.9648717447139132,4080.1755096148745,1,8.185862597189002,1,5,4,3.0,5
27,2020,north,0,0,12,29,41674.87368509102,0.04147855787810525,2.406180487574678,1,0,2.1024090033979737,2878.2391150512085,0,7.003294876541498,4,4,2,5.0,2
27,2021,north,0,0,12,30,44719.12497114564,0.04147855787810525,2.636873797704429,1,0,2.0796996423346483,4179.677041543774,1,7.9804954437562525,5,4,3,3.0,2
27,2022,north,0,0,12,31,48522.672226619165,0.04147855787810525,3.7038778805614765,1,1,4.20832188516016,2966.234532891839,0,7.99223933943065,3,4,4,4.0,1
27,2023,north,0,0,12,32,46516.042163594095,0.04147855787810525,1.7386143220551213,1,1,5.231087959460828,4784.770449080409,1,6.878537637320858,1,4,4,5.0,3
27,2024,north,0,0,12,33,42808.64473499716,0.04147855787810525,3.0246096788306147,1,1,2.83836886704942,4767.47463138114,0,6.568378319657449,1,4,2,2.0,3
27,2025,north,0,0,12,34,46955.8695624108,0.04147855787810525,1.5857351218766977,1,1,6.968704010757251,3285.9226716152207,1,7.666923729097337,1,4,4,5.0,5
28,2018,south,0,0,15,25,53638.52740487036,1.2999455336801573,3.933167752779105,1,0,3.559026984243094,7148.033016153162,0,8.632692541166007,1,5,2,4.0,4
28,2019,south,0,0,15,26,51288.4847225446,1.2999455336801573,3.739036993009093,1,0,2.6387007283348436,5344.850594509342,1,9.178191683716355,2,5,1,5.0,2
28,2020,south,0,0,15,27,47668.55858543875,1.2999455336801573,3.7033962683867294,1,0,4.562935783691191,4525.204857189484,0,7.790686330007422,1,4,2,5.0,3
28,2021,south,0,0,15,28,42739.93814561087,1.2999455336801573,2.6520626861825454,1,0,2.8660186546230566,4110.288509623425,1,7.365480825259784,0,4,4,2.0,3
28,2022,south,0,0,15,29,47457.55804813074,1.2999455336801573,2.7422196899411935,1,1,5.098004619751615,5267.476307808663,1,9.817260719437122,2,5,5,2.0,3
28,2023,south,0,0,15,30,50040.822518234585,1.2999455336801573,3.6995768842439065,1,1,4.174859579445456,6565.455211260142,0,9.367040663144355,2,5,3,4.0,4
28,2024,south,0,0,15,31,45453.38725059237,1.2999455336801573,4.525946806748848,1,1,6.39754487018588,4439.323721288049,1,8.263978129022655,2,5,3,3.0,3
28,2025,south,0,0,15,32,61291.94025501361,1.2999455336801573,4.615209442613275,1,1,2.7626324949536234,6688.127903682241,1,8.714576072987784,1,5,3,1.0,3
29,2018,south,1,0,12,34,40139.38468453838,0.26719298906848654,3.7185014158853487,1,0,5.187494754061267,3934.2332309258795,0,8.943476823018552,1,5,3,2.0,2
29,2019,south,1,0,12,35,50196.45962973186,0.26719298906848654,3.4836043467093822,1,0,5.07070610925188,5251.723716947778,1,7.00397880005715,2,4,3,3.0,2
29,2020,south,1,0,12,36,46205.25563876606,0.26719298906848654,3.382052398145516,1,0,3.9709765242239374,4926.764447438986,1,6.971017712953519,1,4,4,2.0,3
29,2021,south,1,0,12,37,59187.69245230485,0.26719298906848654,2.91490013288848,1,0,6.018088363005898,4734.946322258528,1,9.077708145601802,2,5,3,4.0,2
29,2022,south,1,0,12,38,50386.98231934406,0.26719298906848654,1.822189804742863,1,1,1.7638192287734498,5048.481457527011,0,8.269675179219918,4,5,3,3.0,3
29,2023,south,1,0,12,39,47427.29310950797,0.26719298906848654,4.683383409969328,1,1,4.174121199113712,6121.415927489963,1,8.969236634082229,1,5,2,4.0,3
29,2024,south,1,0,12,40,51364.59182659482,0.26719298906848654,3.274122005280683,1,1,7.393330016067273,5607.024054249325,1,8.713053902137064,1,5,4,4.0,5
29,2025,south,1,0,12,41,67621.29854086567,0.26719298906848654,5.549174319608259,1,1,4.097823326187182,5977.933351954417,0,8.784723647800032,4,5,5,4.0,3
30,2018,north,1,0,16,40,60712.54357934228,-0.45863996162645637,5.266177476447537,1,0,4.77346093316212,10951.802630374636,1,8.21153734474599,3,5,2,3.0,3
30,2019,north,1,0,16,41,61508.21979317181,-0.45863996162645637,3.37040876017896,1,0,4.209517940452505,4663.835907502039,0,8.117744567958464,3,5,1,5.0,2
30,2020,north,1,0,16,42,55671.9557211844,-0.45863996162645637,4.8434572112065615,1,0,6.868622976550347,9182.642817302933,0,7.354476644526026,2,4,1,2.0,4
30,2021,north,1,0,16,43,49664.36828827343,-0.45863996162645637,2.3933670597700587,1,0,3.915175180345062,6185.513624978015,1,8.035150791391864,2,5,4,3.0,4
30,2022,north,1,0,16,44,56142.312641306096,-0.45863996162645637,2.9719301801980205,1,1,8.686863455778603,8331.354670249762,1,8.89813368333926,1,5,4,3.0,2
30,2023,north,1,0,16,45,59494.60976003574,-0.45863996162645637,3.433659819132942,1,1,7.6602070807601,6422.648714437715,0,7.154525398844344,2,4,1,4.0,2
30,2024,north,1,0,16,46,52160.25650815205,-0.45863996162645637,4.638381283416087,1,1,6.096101394937788,6552.792856030052,1,8.372666297685827,2,5,4,3.0,3
30,2025,north,1,0,16,47,48255.570545513794,-0.45863996162645637,2.171955813009225,1,1,8.632142679582847,6514.68832011402,1,8.589850375527757,1,5,3,2.0,1
31,2018,east,0,0,15,26,44376.99242655994,-1.0843231691480495,1.0634500782171352,1,0,5.203626632254813,2909.850727967047,0,6.792892579089091,1,4,4,4.0,3
31,2019,east,0,0,15,27,48178.89162878021,-1.0843231691480495,2.6653352028082775,1,0,2.982580887098654,5806.953180849534,0,5.3892486724415765,3,3,2,4.0,3
31,2020,east,0,0,15,28,53880.83555143918,-1.0843231691480495,3.2706505044296503,1,0,1.1660338741417489,5836.301794462665,0,7.186568269809578,0,4,2,3.0,2
31,2021,east,0,0,15,29,42800.44492403375,-1.0843231691480495,2.9361925919346876,1,0,3.050381575755779,5459.580700137388,1,8.90883511322463,3,5,3,4.0,5
31,2022,east,0,0,15,30,52060.6637977865,-1.0843231691480495,1.0923632863983423,1,1,5.860924042995115,3748.3951928296015,1,8.272232866401502,0,5,3,4.0,3
31,2023,east,0,0,15,31,54003.64378113448,-1.0843231691480495,2.7148438966034054,1,1,6.5795708989538815,4331.033073231542,1,7.630842583857697,4,4,3,4.0,3
31,2024,east,0,0,15,32,61534.24726640315,-1.0843231691480495,1.6966486437595563,1,1,7.234528655589539,4557.772053400119,1,6.65908074982124,1,4,3,2.0,4
31,2025,east,0,0,15,33,57374.36217357284,-1.0843231691480495,2.9019410982127436,1,1,5.438232674351398,4488.103073697792,1,8.518301837558592,3,5,4,4.0,1
32,2018,north,0,0,14,22,42392.42506256216,-0.3341476321099688,2.606095142643175,1,0,4.918287806722666,5823.035366767141,1,8.433260672792255,2,5,5,3.0,5
32,2019,north,0,0,14,23,38565.289016359246,-0.3341476321099688,3.526746672926127,1,0,2.585327983182344,3288.4404550630584,1,8.38643143274552,3,5,2,4.0,2
32,2020,north,0,0,14,24,46148.29608926658,-0.3341476321099688,3.196129470437485,1,0,4.75263891021449,3827.767982803569,1,9.60297587264643,0,5,4,4.0,2
32,2021,north,0,0,14,25,53511.55536576478,-0.3341476321099688,1.5935586796754966,1,0,5.479053145202382,4199.538653513211,1,7.71987236402528,2,4,3,4.0,3
32,2022,north,0,0,14,26,46753.45228410911,-0.3341476321099688,4.104313640797901,1,1,5.689436608583446,9400.256479908228,1,,2,4,2,3.0,4
32,2023,north,0,0,14,27,39481.351056348234,-0.3341476321099688,1.8982451748717797,1,1,5.861302158539656,5321.677218284011,1,6.557140883440094,0,4,2,3.0,2
32,2024,north,0,0,14,28,37047.74599746258,-0.3341476321099688,3.005016896213548,1,1,5.683377598798532,4415.396669664137,1,7.944778014384491,1,4,1,4.0,3
32,2025,north,0,0,14,29,36111.35657452098,-0.3341476321099688,2.338137469125619,1,1,7.121987341478672,6519.621489627397,0,7.489958410563198,2,4,3,3.0,2
33,2018,south,0,0,16,33,48052.08961398384,-0.2812783959780401,3.7937071241602727,1,0,7.247081531454327,6940.040538818612,0,6.3290536963507495,1,3,3,4.0,5
33,2019,south,0,0,16,34,51957.097636418606,-0.2812783959780401,2.4799092447280104,1,0,7.666594509847573,7927.939882353879,1,9.662145001622786,2,5,3,2.0,2
33,2020,south,0,0,16,35,55054.12233433963,-0.2812783959780401,4.316160451868812,1,0,7.809726712432911,12185.917139499643,1,8.954705018573875,1,5,4,3.0,5
33,2021,south,0,0,16,36,75478.0426786188,-0.2812783959780401,5.150296850183999,1,0,6.432044808866724,8334.836222550895,1,9.711440420221221,2,5,2,3.0,3
33,2022,south,0,0,16,37,63987.40185599433,-0.2812783959780401,2.923032256406911,1,1,6.210221488385501,6695.2403644664855,1,10.0,1,5,2,4.0,1
33,2023,south,0,0,16,38,68709.13060930546,-0.2812783959780401,5.153304145103184,1,1,8.20513448131955,7516.7614048574505,1,9.224359010993618,2,5,3,4.0,4
33,2024,south,0,0,16,39,52016.12036060024,-0.2812783959780401,3.6920948153299618,1,1,6.408929802893683,4483.474341048812,1,8.327883929005166,2,5,1,2.0,3
33,2025,south,0,0,16,40,67824.22389265319,-0.2812783959780401,4.409370423351262,1,1,6.554823829064903,7572.3542365163285,1,8.040561795636883,2,5,2,3.0,5
34,2018,east,1,1,18,47,60857.00088151073,0.9221631608280976,6.187171753444022,1,0,0.3859075122000295,14679.526977789677,1,8.572037152933364,4,5,4,4.0,3
34,2019,east,1,1,18,48,69754.54729648896,0.9221631608280976,5.530582173553133,1,0,5.432005753781784,7692.134523414624,1,7.445069030280251,4,4,3,3.0,3
34,2020,east,1,1,18,49,64156.74628431257,0.9221631608280976,6.0765940378628525,1,0,0.7108462879383746,7396.12841608729,1,7.948866745017375,3,4,2,4.0,4
34,2021,east,1,1,18,50,61302.150205126876,0.9221631608280976,4.148098929821,1,0,4.0364421950477425,7221.571555508445,0,8.406567358581297,3,5,3,4.0,3
34,2022,east,1,1,18,51,61429.004007721356,0.9221631608280976,4.249692321433841,1,1,7.271757476087455,6564.677114551239,1,7.5723575389189515,4,4,2,3.0,5
34,2023,east,1,1,18,52,59124.05959789918,0.9221631608280976,3.791955295302436,1,1,4.18495610341583,6228.412878623369,1,8.799236949192116,3,5,2,4.0,3
34,2024,east,1,1,18,53,71221.00108163535,0.9221631608280976,4.516182284798448,1,1,4.607660101399052,12499.358269754528,0,8.322859149065835,5,5,5,4.0,3
34,2025,east,1,1,18,54,60797.038369684014,0.9221631608280976,5.515721356538445,1,1,9.83468127051202,8193.039337394932,0,6.681648330972026,1,4,1,4.0,2
35,2018,central,1,1,16,50,60794.42170052758,-0.9862581253908334,4.494439288684123,1,0,5.4643207662224285,8308.717987660397,1,6.607248507338929,8,4,3,5.0,3
35,2019,central,1,1,16,51,55104.18114364603,-0.9862581253908334,2.504454028276655,1,0,5.152895617905233,6791.726570510364,1,9.508613314675507,4,5,2,4.0,3
35,2020,central,1,1,16,52,65756.06263986707,-0.9862581253908334,2.7351573881136018,1,0,4.579981815296135,13727.546565873263,1,9.393557283895891,2,5,2,4.0,3
35,2021,central,1,1,16,53,44333.09785882591,-0.9862581253908334,3.9105016893358235,1,0,4.8310814272988845,7018.26026616678,1,7.6075849019556365,3,4,4,3.0,3
35,2022,central,1,1,16,54,66356.61244832701,-0.9862581253908334,3.5631778714062894,1,1,7.020240820803577,7013.390885329476,1,9.618879508007751,4,5,3,4.0,3
35,2023,central,1,1,16,55,52199.34778134143,-0.9862581253908334,3.7055516308977383,1,1,6.760507848082091,10733.698271334068,1,7.639454634170377,4,4,3,2.0,3
35,2024,central,1,1,16,56,53012.423360835965,-0.9862581253908334,3.474302349382477,1,1,9.123068355285888,6253.776175175143,1,6.427181019037144,3,3,4,4.0,3
35,2025,central,1,1,16,57,60704.818177964844,-0.9862581253908334,2.9084562190475935,1,1,9.181087276620556,5887.266985807473,1,8.268647460762077,4,5,2,3.0,3
36,2018,east,0,0,10,45,39751.31589771464,1.7339819665207186,3.7718790248429808,1,0,5.0854002485929755,7689.813861695767,0,6.09810153276846,0,3,3,2.0,3
36,2019,east,0,0,10,46,50150.19462980438,1.7339819665207186,3.9013957740090777,1,0,7.961971362500551,5215.454566318124,0,5.560051982613606,2,3,3,4.0,4
36,2020,east,0,0,10,47,41282.432756312104,1.7339819665207186,5.479321086129687,1,0,7.237712377589295,8758.304844665863,1,8.613132552363057,5,5,4,4.0,3
36,2021,east,0,0,10,48,47384.234150216595,1.7339819665207186,3.7438994063681763,1,0,7.03012926597106,4589.945765304119,1,8.161290380344601,0,5,4,3.0,2
36,2022,east,0,0,10,49,54862.50123837356,1.7339819665207186,3.5672782581452944,1,1,8.11361295139355,9099.061678821088,1,10.0,4,5,4,3.0,2
36,2023,east,0,0,10,50,42689.25158132247,1.7339819665207186,3.992097663299944,1,1,8.072608285467844,8977.301199212472,1,8.839285131355098,3,5,3,4.0,4
36,2024,east,0,0,10,51,42687.49781675005,1.7339819665207186,4.400302422166409,1,1,8.300909662023788,9192.520536196724,1,9.702387024671596,3,5,4,5.0,4
36,2025,east,0,0,10,52,50851.190468641376,1.7339819665207186,4.601072313762711,1,1,8.630889122835875,6328.2888821845845,1,7.017717109891113,4,4,2,5.0,3
37,2018,central,1,0,15,33,39766.67296838914,-1.0076788092733788,2.1875604769681023,1,0,1.4614277615029034,4997.070115073749,1,7.4095973637862045,1,4,2,4.0,2
37,2019,central,1,0,15,34,58789.90724478185,-1.0076788092733788,4.955617661326715,1,0,6.132098017473769,5595.590047983628,1,7.035879645583077,2,4,4,5.0,4
37,2020,central,1,0,15,35,52974.55832781654,-1.0076788092733788,4.080975381832162,1,0,3.4373541403761108,7199.429822173052,1,8.769834273786259,3,5,5,3.0,5
37,2021,central,1,0,15,36,69422.61182200925,-1.0076788092733788,3.7612910977967466,1,0,3.678391039039074,4115.9260006454315,1,8.977727900115315,0,5,2,4.0,2
37,2022,central,1,0,15,37,57434.04112815311,-1.0076788092733788,4.3756301647610485,1,1,5.078254087726628,6151.751399814057,0,7.582937268683266,1,4,2,3.0,3
37,2023,central,1,0,15,38,52722.30137645843,-1.0076788092733788,3.154292357429911,1,1,7.503216716022471,5640.24847588001,1,7.980606993390153,2,4,4,4.0,2
37,2024,central,1,0,15,39,64675.67263918905,-1.0076788092733788,2.7361983688940463,1,1,9.020634427250243,3880.9401520654756,0,,2,5,4,3.0,3
37,2025,central,1,0,15,40,46597.02505340713,-1.0076788092733788,2.742711578603341,1,1,3.473417051458319,6671.444092215447,1,8.100422472760986,3,5,3,3.0,3
38,2018,south,1,1,10,44,42210.09970688598,0.4350002544572643,2.704143169571723,1,0,5.0388698912512515,4321.336889396312,1,6.461435364996114,2,3,4,2.0,1
38,2019,south,1,1,10,45,46133.23762138773,0.4350002544572643,3.207032725259313,1,0,6.398149000104233,7740.767508659919,1,8.349093511682472,2,5,3,4.0,3
38,2020,south,1,1,10,46,44875.491356689476,0.4350002544572643,1.4322312675500624,1,0,7.587287554167975,3658.6316737647367,0,7.162227163244378,3,4,3,4.0,4
38,2021,south,1,1,10,47,49045.86461570831,0.4350002544572643,2.594551743122944,1,0,4.130535188102963,6130.507889254317,1,9.192897472561185,0,5,3,4.0,2
38,2022,south,1,1,10,48,45685.89438567621,0.4350002544572643,3.805773273438813,1,1,8.971085205375628,6598.826980781295,1,8.048693132645523,0,5,4,5.0,1
38,2023,south,1,1,10,49,39089.76048373023,0.4350002544572643,3.5134703082673724,1,1,7.361403540013139,6748.548954308331,1,6.764932673707712,3,4,2,2.0,3
38,2024,south,1,1,10,50,49490.21004749111,0.4350002544572643,2.715431538980431,1,1,6.504072132524099,5891.1896670853785,1,6.349462941073561,2,3,4,3.0,3
38,2025,south,1,1,10,51,45720.30211507336,0.4350002544572643,2.6905587026216335,1,1,7.224494932013832,5204.289319592253,1,7.046401573415904,3,4,1,2.0,3
39,2018,east,0,0,12,46,61420.831478512715,0.6096886934174968,2.603394972518859,1,0,4.213029776114261,5414.286672388305,0,8.616193808449854,3,5,3,4.0,2
39,2019,east,0,0,12,47,59139.13202886639,0.6096886934174968,2.992754607935738,1,0,5.289617408855154,7391.341674664566,0,8.626567086281742,1,5,2,4.0,4
39,2020,east,0,0,12,48,45879.836845481,0.6096886934174968,3.5981716334288683,1,0,6.0962495171554405,6628.612867158414,1,8.843692775969261,1,5,3,4.0,3
39,2021,east,0,0,12,49,49415.19740196271,0.6096886934174968,0.8584044403624596,1,0,4.993671787189687,4947.357223550014,1,6.972364627409319,2,4,3,3.0,4
39,2022,east,0,0,12,50,50755.36101330779,0.6096886934174968,5.62011659929788,1,1,5.143177628203398,8771.5755600148,1,6.249080162937727,3,3,3,5.0,4
39,2023,east,0,0,12,51,45019.72253018203,0.6096886934174968,4.07187182359918,1,1,6.984398795342787,8205.34356121054,1,7.782133550672497,3,4,5,4.0,3
39,2024,east,0,0,12,52,39434.6260138963,0.6096886934174968,2.4642591436173356,1,1,6.59971095395467,8430.502097358993,0,7.260935298097419,1,4,3,4.0,2
39,2025,east,0,0,12,53,48484.95985489221,0.6096886934174968,2.9966739379327074,1,1,3.2738818211966128,7760.864152975392,0,6.213652280572461,1,3,3,2.0,4
40,2018,south,1,1,13,46,44043.939076884395,0.5437397444978435,3.966565699275959,1,0,4.440038639647243,5991.796357810814,0,7.504191507005977,2,4,4,4.0,4
40,2019,south,1,1,13,47,47911.2377718403,0.5437397444978435,2.558300553743833,1,0,4.842321658791656,3893.147665113318,1,7.132819912989727,5,4,4,5.0,2
40,2020,south,1,1,13,48,41235.31615590681,0.5437397444978435,3.5823084486540857,1,0,7.196061654404637,4796.641420915299,0,5.642514197200208,4,3,2,2.0,3
40,2021,south,1,1,13,49,49788.841475286266,0.5437397444978435,3.2683781544677357,1,0,5.37198682850315,5640.927593062226,0,6.8051823963345415,6,4,3,3.0,3
40,2022,south,1,1,13,50,46765.06527658914,0.5437397444978435,3.146403315210383,1,1,7.104023335924239,4103.0854972112975,1,8.306025595843344,6,5,4,3.0,2
40,2023,south,1,1,13,51,54085.41252069591,0.5437397444978435,4.042851983823903,1,1,8.293284115606559,8364.132173160213,1,7.661014780042574,3,4,3,3.0,4
40,2024,south,1,1,13,52,65603.04594071426,0.5437397444978435,3.7295809397073962,1,1,5.714674794557485,5400.18140246527,0,6.042427208416235,3,3,3,4.0,1
40,2025,south,1,1,13,53,53362.68088281135,0.5437397444978435,3.2631428887368368,1,1,5.708636547186428,8989.678381717862,0,8.230239860843717,5,5,4,3.0,3
41,2018,north,1,0,16,30,54447.45184317227,-0.063934855674423,4.135571279818933,1,0,7.46609510171942,7518.209919001828,1,8.349515187037134,4,5,3,4.0,3
41,2019,north,1,0,16,31,58932.987313745056,-0.063934855674423,4.970242071803167,1,0,4.259207493661137,10286.780449480973,1,5.593737341385166,1,3,3,4.0,2
41,2020,north,1,0,16,32,52506.94624012961,-0.063934855674423,4.29280360687814,1,0,7.085199164310132,9840.75440268353,1,6.802931290275711,1,4,3,4.0,4
41,2021,north,1,0,16,33,56822.64806561251,-0.063934855674423,1.6875676273407403,1,0,4.629805871365767,5249.696911914816,1,8.602295226617574,4,5,4,4.0,3
41,2022,north,1,0,16,34,58943.67363032694,-0.063934855674423,3.4251703238998323,1,1,8.348026968996379,6860.478172794595,1,7.25046897487894,2,4,3,3.0,2
41,2023,north,1,0,16,35,50709.92368967643,-0.063934855674423,4.710161781421191,1,1,7.477587093645473,7090.592834077104,1,7.437475384916188,2,4,2,2.0,2
41,2024,north,1,0,16,36,60722.63864982712,-0.063934855674423,4.220363564437687,1,1,9.14933914232914,8778.905120357578,1,8.500509424514073,2,5,2,3.0,1
41,2025,north,1,0,16,37,43832.21061695319,-0.063934855674423,5.863378707197473,1,1,7.330903951963823,9005.446375679248,1,7.310590891030442,2,4,2,3.0,2
42,2018,south,1,0,14,27,47507.83536714724,1.3414387949926367,4.749710111189595,1,0,6.439342147825479,4952.117966967952,1,,0,5,4,3.0,2
42,2019,south,1,0,14,28,52851.24321196312,1.3414387949926367,5.178789884802792,1,0,3.660093067815055,6206.68299328359,1,8.255394249491134,1,5,3,3.0,3
42,2020,south,1,0,14,29,48504.13249742797,1.3414387949926367,2.7229301756050486,1,0,6.801130595932314,5946.459262270995,1,7.545577426782979,3,4,5,2.0,4
42,2021,south,1,0,14,30,58111.5264668616,1.3414387949926367,3.0242740340646526,1,0,5.207057529981961,3596.582276662489,1,6.334327595882025,1,3,4,1.0,2
42,2022,south,1,0,14,31,43134.31013499334,1.3414387949926367,5.18682386053359,1,1,8.704042412438495,5147.9729995116095,1,9.288796558976175,3,5,4,3.0,3
42,2023,south,1,0,14,32,51966.837115708804,1.3414387949926367,4.397655107968772,1,1,6.338864557065659,5145.543085853198,0,8.799014154514344,2,5,4,5.0,1
42,2024,south,1,0,14,33,52861.83337934403,1.3414387949926367,5.247589676241544,1,1,7.37159867758196,5036.732135704412,1,8.107576901763391,4,5,5,3.0,3
42,2025,south,1,0,14,34,45838.703928170435,1.3414387949926367,4.567185048381355,1,1,7.669546178017942,9183.639626128046,0,8.027798336642327,1,5,4,3.0,4
43,2018,east,1,1,11,29,24072.457866989982,-1.3759390164364795,1.8095406384336168,1,0,7.128154868648811,3428.2741587353203,1,7.800770979127438,2,4,3,5.0,4
43,2019,east,1,1,11,30,38281.23843854185,-1.3759390164364795,1.8643215692024453,1,0,7.8775187916965255,3676.6422170668143,1,8.232448434176161,0,5,4,4.0,2
43,2020,east,1,1,11,31,41485.25036518294,-1.3759390164364795,0.9035444887923176,1,0,4.924013199293059,3078.966284489577,0,5.710209577680757,2,3,2,3.0,4
43,2021,east,1,1,11,32,55630.54972859025,-1.3759390164364795,2.378794849452054,1,0,2.1536627348003687,4812.776362579706,1,8.716724639890646,1,5,2,4.0,4
43,2022,east,1,1,11,33,37324.8536428467,-1.3759390164364795,2.118975646297682,1,1,6.958736228501368,3560.329715208374,1,7.5322653344499235,4,4,3,4.0,2
43,2023,east,1,1,11,34,45749.18700412664,-1.3759390164364795,1.276046747479303,1,1,8.269672525193174,3642.0651582504106,0,7.866115021888624,3,4,3,3.0,3
43,2024,east,1,1,11,35,45014.523913998106,-1.3759390164364795,0.4635232816939334,1,1,7.893167818823125,4975.0188567012765,0,8.27501844306179,1,5,2,3.0,4
43,2025,east,1,1,11,36,61923.85402608552,-1.3759390164364795,0.01598289054473767,1,1,10.036415623717536,3408.4855359718013,1,5.851510190119544,2,3,4,4.0,2
44,2018,central,1,1,17,34,42215.15545416451,0.4449791290818509,2.796756005107825,1,0,4.27989115597215,7114.963838389327,0,7.46274097327973,4,4,3,4.0,3
44,2019,central,1,1,17,35,47050.96975774748,0.4449791290818509,5.210807057524812,1,0,5.270648126465563,8534.291510039035,1,8.202689325042035,1,5,2,4.0,4
44,2020,central,1,1,17,36,50882.56417061388,0.4449791290818509,4.395864044170051,1,0,3.3671066128120164,7633.493659624421,1,8.937312339191534,0,5,4,4.0,4
44,2021,central,1,1,17,37,50167.800694887264,0.4449791290818509,5.7514325353870905,1,0,3.8822215791118913,8461.68744070955,1,7.228822246891407,2,4,4,4.0,3
44,2022,central,1,1,17,38,49635.551443624594,0.4449791290818509,3.030041937099673,1,1,5.041100319778813,5463.659564883771,1,6.036731971817831,2,3,3,5.0,4
44,2023,central,1,1,17,39,64902.901988568774,0.4449791290818509,3.586411776203309,1,1,6.289749270046671,5807.412971838353,1,8.976956355457947,3,5,3,3.0,2
44,2024,central,1,1,17,40,,0.4449791290818509,4.781995890394579,1,1,6.871427540839403,9137.340656495913,1,6.398102455374376,1,3,3,5.0,2
44,2025,central,1,1,17,41,63844.768379038636,0.4449791290818509,3.037009628970635,1,1,2.5062342457109494,8245.408076385014,0,8.379345780105488,3,5,4,4.0,4
45,2018,west,1,0,16,23,54220.43296111236,-0.29017805846172773,4.4033081615596705,1,0,3.9446861742325043,5880.734120665404,0,8.967461846237478,2,5,4,4.0,3
45,2019,west,1,0,16,24,44272.314994888744,-0.29017805846172773,3.438349326377363,1,0,3.587277768245725,6522.040464778142,0,6.11171007103092,3,3,3,4.0,2
45,2020,west,1,0,16,25,62506.11239347904,-0.29017805846172773,2.4969514257589864,1,0,3.56408204063182,3977.674083821556,1,10.0,1,5,3,3.0,2
45,2021,west,1,0,16,26,57024.38536997353,-0.29017805846172773,1.4279386113687402,1,0,4.7357816571966085,4404.3338855632,0,6.06233764688634,1,3,4,4.0,1
45,2022,west,1,0,16,27,58370.275952999444,-0.29017805846172773,4.4027790673673834,1,1,4.406721690028887,4833.13179361126,0,7.133741930505658,0,4,2,3.0,3
45,2023,west,1,0,16,28,57230.52188719352,-0.29017805846172773,2.569209859618148,1,1,7.712785043090603,6917.155124735112,1,8.383150108689783,1,5,2,4.0,2
45,2024,west,1,0,16,29,56820.008003640505,-0.29017805846172773,4.156848850946293,1,1,8.258928235652753,6834.123855077334,1,8.602573475504013,3,5,4,4.0,3
45,2025,west,1,0,16,30,52434.89134562909,-0.29017805846172773,4.260338512945671,1,1,6.841659288135507,6294.474748967619,1,5.446856481585467,2,3,1,4.0,2
46,2018,east,1,1,16,27,46996.89995795199,1.880750262082175,7.1437948224835655,1,0,6.117029134404281,7878.725958175911,1,9.18903339078339,1,5,1,3.0,4
46,2019,east,1,1,16,28,51669.5436918145,1.880750262082175,4.093989682172563,1,0,5.056981934670642,7542.1992018802,0,8.678390213324795,1,5,2,3.0,3
46,2020,east,1,1,16,29,62011.056936693545,1.880750262082175,7.263134822163299,1,0,4.930410423860446,8377.311474659491,1,9.451131133743717,1,5,4,3.0,3
46,2021,east,1,1,16,30,52983.30667939861,1.880750262082175,5.540974482187003,1,0,1.8567180430657633,3325.213212233684,0,5.456149346489932,2,3,4,2.0,3
46,2022,east,1,1,16,31,49478.46058971019,1.880750262082175,6.527489517754342,1,1,6.574892977371945,7406.231833320479,0,7.614679425869246,4,4,3,4.0,3
46,2023,east,1,1,16,32,65365.810970118626,1.880750262082175,5.308610643743317,1,1,8.949197007454277,7085.777118687234,1,7.559371018327009,1,4,4,3.0,4
46,2024,east,1,1,16,33,52942.202029255095,1.880750262082175,6.011117715112557,1,1,7.679085578538193,4668.790128957688,0,7.9489096194985045,1,4,3,2.0,4
46,2025,east,1,1,16,34,61947.69827500891,1.880750262082175,3.9175079628077363,1,1,7.566149894744391,6119.364475479269,0,9.786615312862583,3,5,2,4.0,2
47,2018,central,1,0,14,29,55256.8000922934,0.563626586802189,3.171777793805563,1,0,1.5398705425536,4151.927147271232,1,6.51640397762495,0,4,3,2.0,3
47,2019,central,1,0,14,30,44658.307551053666,0.563626586802189,2.2954858569423227,1,0,4.178517361696828,3810.6967241230113,0,6.394950745881202,1,3,4,2.0,3
47,2020,central,1,0,14,31,41054.2385421115,0.563626586802189,2.0142192584213565,1,0,2.5931425872353686,3926.3295009334124,0,10.0,2,5,3,2.0,2
47,2021,central,1,0,14,32,59545.71841715852,0.563626586802189,2.8138132933987388,1,0,3.5702801433130555,3991.0600050713024,1,9.730098418771384,5,5,3,3.0,3
47,2022,central,1,0,14,33,48084.8918180794,0.563626586802189,1.926726329344522,1,1,8.840352122525431,5243.988193361325,1,8.410209500824605,2,5,4,3.0,5
47,2023,central,1,0,14,34,54250.47565354391,0.563626586802189,4.684460061339736,1,1,5.154130189724827,4551.410061476145,0,8.752317586797151,4,5,3,1.0,3
47,2024,central,1,0,14,35,49078.872864195335,0.563626586802189,2.102988327078216,1,1,7.038040175526363,3524.929014043677,0,8.121741886790677,2,5,3,4.0,4
47,2025,central,1,0,14,36,59517.866017454,0.563626586802189,4.250310564117425,1,1,6.84550272933242,5957.477685254784,1,9.211149734444362,5,5,2,1.0,3
48,2018,north,1,0,11,53,53491.21677883637,0.2598432408895287,4.425101639162351,1,0,5.9737432260169205,10159.989186158926,1,7.172985718063829,2,4,4,5.0,4
48,2019,north,1,0,11,54,54205.13626844808,0.2598432408895287,3.165609047073831,1,0,6.486396898602304,6553.123822754583,1,8.116660541171292,3,5,4,4.0,1
48,2020,north,1,0,11,55,57358.76526581917,0.2598432408895287,2.7538420130113597,1,0,5.0765526212027865,3714.0716278028963,1,8.257361264584283,1,5,4,4.0,4
48,2021,north,1,0,11,56,43194.46167904309,0.2598432408895287,4.283873055740244,1,0,5.247849369900056,8356.609737866673,1,,2,5,4,3.0,3
48,2022,north,1,0,11,57,61294.00409916562,0.2598432408895287,3.885476109592861,1,1,4.943392384573907,6941.934311345208,1,7.5125940914525335,3,4,4,3.0,2
48,2023,north,1,0,11,58,70590.97442834178,0.2598432408895287,2.180096858873797,1,1,6.273932519727307,5272.7819064427085,0,7.539922475189314,3,4,1,4.0,2
48,2024,north,1,0,11,59,56329.31915112397,0.2598432408895287,2.3522495172935822,1,1,7.553098015011981,5023.709532497992,1,8.145923584864875,6,5,3,4.0,5
48,2025,north,1,0,11,60,60313.47886325979,0.2598432408895287,3.9487142976732366,1,1,7.08636638577447,7292.473460388774,1,,5,4,2,4.0,5
49,2018,east,0,0,15,44,56844.77762368787,-0.08281478229077086,3.6216276747763834,1,0,4.17652399727105,9125.262194948577,1,7.493824376781057,5,4,2,2.0,4
49,2019,east,0,0,15,45,62340.406833191846,-0.08281478229077086,3.465581117435117,1,0,3.931400973789679,6697.594237518445,1,8.008324657501277,0,5,3,4.0,3
49,2020,east,0,0,15,46,48621.443045699096,-0.08281478229077086,3.129525688611346,1,0,3.0358720642998347,5300.371559817457,1,5.889772261312235,0,3,3,4.0,3
49,2021,east,0,0,15,47,54378.42226418485,-0.08281478229077086,5.246035564621785,1,0,4.950895781279163,10106.79812441552,1,10.0,6,5,2,2.0,3
49,2022,east,0,0,15,48,51528.957872455634,-0.08281478229077086,3.258104895688339,1,1,6.541921093563481,5506.301556030923,1,9.622121699752332,2,5,4,5.0,4
49,2023,east,0,0,15,49,67570.20639124916,-0.08281478229077086,3.6141805397993942,1,1,7.372350598784722,5437.034019075386,1,9.76034745078404,4,5,3,4.0,3
49,2024,east,0,0,15,50,52620.8516591055,-0.08281478229077086,2.3397493919134833,1,1,5.846060419099913,7862.862045481778,1,8.564037136962616,5,5,2,2.0,3
49,2025,east,0,0,15,51,47255.809603968,-0.08281478229077086,3.3204556277576107,1,1,5.979822267467861,9780.704300758196,1,7.7086166502474045,1,4,2,4.0,4
50,2018,west,0,0,19,50,66108.9969889342,-0.3672656068901317,4.394279199307411,1,0,5.635246405577495,12085.978094491102,1,6.57170936181727,2,4,5,4.0,4
50,2019,west,0,0,19,51,67738.3419360454,-0.3672656068901317,4.358037850271121,1,0,6.413130270559257,8763.52621877036,1,9.20529663342542,6,5,2,4.0,3
50,2020,west,0,0,19,52,64790.78798845188,-0.3672656068901317,4.950791901716663,1,0,5.920233743019681,11297.691823241401,1,6.832468270997969,3,4,4,3.0,3
50,2021,west,0,0,19,53,,-0.3672656068901317,5.187059918709211,1,0,5.148623271209011,10438.759626854497,1,7.323573660521104,4,4,4,3.0,3
50,2022,west,0,0,19,54,81730.83201166405,-0.3672656068901317,4.9849110614893934,1,1,8.247294838857576,11519.130313675236,1,8.070668895236315,2,5,4,2.0,4
50,2023,west,0,0,19,55,66632.18792631621,-0.3672656068901317,4.6782103116894085,1,1,8.554670070219563,13664.362470465854,1,10.0,3,5,2,3.0,2
50,2024,west,0,0,19,56,67530.49670710448,-0.3672656068901317,4.009116356334879,1,1,7.372040007211261,12220.016531269246,0,8.253451906642315,1,5,4,3.0,2
50,2025,west,0,0,19,57,72662.96318380337,-0.3672656068901317,4.446554746607848,1,1,5.3566738155998666,11386.092305121409,1,8.01578051295307,4,5,4,5.0,1
51,2018,south,0,1,12,31,28273.72676100488,-0.21465268035286927,-0.9046233614646746,1,0,2.6484349566833485,3533.375107359017,1,6.813346553849026,0,4,2,3.0,3
51,2019,south,0,1,12,32,46177.4181013532,-0.21465268035286927,1.486132983822311,1,0,5.930236361283827,4423.375616187562,1,6.876146684616401,0,4,3,3.0,2
51,2020,south,0,1,12,33,49834.368363533795,-0.21465268035286927,4.304177850485916,1,0,2.154132066040255,5148.430998225851,0,7.1804428110344904,2,4,2,4.0,4
51,2021,south,0,1,12,34,49212.053184511264,-0.21465268035286927,1.7534856258627456,1,0,6.36332516152771,2557.1099981278926,1,7.814693776640722,3,4,4,4.0,3
51,2022,south,0,1,12,35,41917.18870504026,-0.21465268035286927,1.7097743849616533,1,1,6.401479791599778,3112.0945189653294,1,6.045979620268645,1,3,4,3.0,1
51,2023,south,0,1,12,36,35640.81801503334,-0.21465268035286927,4.024279416814867,1,1,7.599003603823181,6354.496654384996,1,6.053379430653987,4,3,3,3.0,3
51,2024,south,0,1,12,37,40399.25656884065,-0.21465268035286927,3.7197089745959495,1,1,7.990225076667889,8876.905180383028,0,5.780355890528862,1,3,4,3.0,2
51,2025,south,0,1,12,38,51852.74853308308,-0.21465268035286927,2.588150701458362,1,1,6.282328183790759,4917.289638799249,1,7.8567294417467375,4,4,3,4.0,3
52,2018,central,1,1,13,33,45660.19832725574,1.1068008358204897,1.8519328588141866,1,0,2.01948201628235,6451.186821909549,1,7.563108900004515,0,4,3,4.0,3
52,2019,central,1,1,13,34,53121.50186869294,1.1068008358204897,3.126203258112384,1,0,0.12589917287209262,2799.4180542211416,1,5.913252186682886,2,3,4,2.0,2
52,2020,central,1,1,13,35,39969.08291775575,1.1068008358204897,6.305945878908808,1,0,0.5062671565191685,6289.741463845712,1,4.978211514066304,0,2,3,,2
52,2021,central,1,1,13,36,38586.466200523726,1.1068008358204897,4.2635252830845,1,0,2.9938742252046695,3633.101612794088,1,7.634537406271513,1,4,3,4.0,4
52,2022,central,1,1,13,37,49184.0803320388,1.1068008358204897,5.312730188207183,1,1,5.198623870036683,5778.498728791096,1,6.74952573246044,2,4,3,3.0,3
52,2023,central,1,1,13,38,46573.13423877159,1.1068008358204897,2.7042713672101018,1,1,7.736799018191246,3218.6163494795114,1,6.677145888952962,1,4,3,3.0,2
52,2024,central,1,1,13,39,51970.46858731977,1.1068008358204897,4.992401708620689,1,1,6.400523100469925,4836.7284206772265,1,6.405881376884684,4,3,1,4.0,3
52,2025,central,1,1,13,40,,1.1068008358204897,4.633534804510135,1,1,5.329954569337341,4196.994897326931,0,7.924046467749539,0,4,3,2.0,1
53,2018,north,1,0,13,40,49241.23869254882,1.2199136458821918,2.7705794536517576,1,0,3.8207438137330976,4946.3258752991205,1,8.35677178503562,5,5,3,5.0,2
53,2019,north,1,0,13,41,47406.86761947059,1.2199136458821918,4.583324685635975,1,0,3.3461212350171676,5675.872995464199,1,10.0,1,5,4,3.0,3
53,2020,north,1,0,13,42,52636.24411030772,1.2199136458821918,5.0545371172152995,1,0,6.555684545492209,7165.474949886584,1,9.168892991833875,5,5,3,2.0,3
53,2021,north,1,0,13,43,51428.42111698811,1.2199136458821918,4.082177665590935,1,0,3.109145350874825,9321.009281457105,1,6.731199817012808,3,4,5,3.0,5
53,2022,north,1,0,13,44,56400.99612832809,1.2199136458821918,6.029529791765959,1,1,5.8230221935681765,7747.050062270038,1,7.190467283558839,2,4,2,3.0,3
53,2023,north,1,0,13,45,58435.98283427732,1.2199136458821918,4.414079255294552,1,1,7.030905783547701,7318.8534740517225,0,9.914626913299198,1,5,3,5.0,4
53,2024,north,1,0,13,46,57007.11986158465,1.2199136458821918,3.5492991427684197,1,1,6.795153348145835,5667.063371450453,0,6.5681496815661635,4,4,3,3.0,2
53,2025,north,1,0,13,47,58852.11285296491,1.2199136458821918,4.143055707360983,1,1,6.157272232451482,7542.161790383877,1,8.458190291889816,2,5,4,4.0,5
54,2018,west,1,1,15,35,46186.042868255834,-0.4776474381383787,3.1105220867854357,1,0,5.146703043027256,4952.064957776549,1,7.538982084604832,7,4,5,3.0,2
54,2019,west,1,1,15,36,53420.90193082255,-0.4776474381383787,3.634731062352056,1,0,2.1035604221082544,6117.639510607172,0,8.681080003018115,3,5,2,1.0,2
54,2020,west,1,1,15,37,51998.55629917558,-0.4776474381383787,4.012309956113226,1,0,2.0520744263895527,6298.874870129442,1,8.07436512489585,5,5,4,4.0,3
54,2021,west,1,1,15,38,59751.45175727435,-0.4776474381383787,2.5032755038172403,1,0,5.688994917102804,4596.7390255225355,1,8.749435680318403,3,5,2,4.0,3
54,2022,west,1,1,15,39,57592.382950900304,-0.4776474381383787,3.4418014034389026,1,1,5.40170930655935,7351.88342232655,0,7.3627689818343764,0,4,3,5.0,4
54,2023,west,1,1,15,40,56618.99223591502,-0.4776474381383787,4.484916335492782,1,1,4.381422800048227,5478.031290000795,1,8.101783219804034,2,5,4,3.0,2
54,2024,west,1,1,15,41,58264.567005926896,-0.4776474381383787,3.329458150260616,1,1,7.528385783625893,4786.076182289115,1,8.745423063781297,3,5,3,3.0,4
54,2025,west,1,1,15,42,48361.38441880848,-0.4776474381383787,2.951781006021641,1,1,5.070989917790552,5647.0962808208105,1,6.530431550074756,2,4,4,5.0,3
55,2018,east,0,0,15,52,43896.36932590838,0.4940045068853151,4.970154995298653,1,0,2.2668769093797763,8083.131788699407,1,7.039971083612301,2,4,4,4.0,4
55,2019,east,0,0,15,53,43178.8461139783,0.4940045068853151,2.7266104405990985,1,0,4.3030624727145925,6392.054599103574,1,7.64794730564686,2,4,4,4.0,3
55,2020,east,0,0,15,54,62699.77068666571,0.4940045068853151,2.442613328154114,1,0,4.754885536553464,3843.2140720737243,0,7.096537465131851,3,4,3,2.0,3
55,2021,east,0,0,15,55,63036.01659931324,0.4940045068853151,5.935042448241149,1,0,3.8077864693599492,8307.568275159067,0,9.534196572546433,3,5,3,3.0,4
55,2022,east,0,0,15,56,60526.27017414257,0.4940045068853151,3.099745669827975,1,1,4.857233144066163,6233.368303699659,1,7.197433215032893,2,4,2,3.0,2
55,2023,east,0,0,15,57,51320.215904540164,0.4940045068853151,5.629390213535473,1,1,6.194349500840655,12201.178338377264,0,5.377602274479022,4,3,4,5.0,2
55,2024,east,0,0,15,58,59154.926928138266,0.4940045068853151,3.5671459484862895,1,1,4.448250578180117,5280.329410604574,1,8.96772025942837,2,5,3,5.0,3
55,2025,east,0,0,15,59,46402.58513969347,0.4940045068853151,4.551437170063584,1,1,3.5301652549415476,7649.579792562487,1,9.71792227957529,2,5,4,3.0,3
56,2018,central,0,1,16,34,54973.90091928841,0.49133377330831074,4.953147030111851,1,0,4.533946217595452,6674.997599912946,0,7.803084981485216,3,4,2,3.0,2
56,2019,central,0,1,16,35,41140.73204065123,0.49133377330831074,4.095264329029238,1,0,3.3575640201496304,3649.99768707642,1,9.210143993605948,3,5,5,3.0,4
56,2020,central,0,1,16,36,61655.9762219937,0.49133377330831074,5.814673130443337,1,0,5.432008991184723,10409.731426276327,1,7.070780048157772,3,4,3,4.0,4
56,2021,central,0,1,16,37,50336.46538995747,0.49133377330831074,4.888056367277827,1,0,2.810567013140541,7801.799431992763,0,5.945114272139065,3,3,3,4.0,3
56,2022,central,0,1,16,38,49476.207147061636,0.49133377330831074,6.065970851558783,1,1,4.515123470720528,9128.169647610011,1,8.479505015286701,1,5,4,3.0,3
56,2023,central,0,1,16,39,59547.669499647556,0.49133377330831074,3.5756544356359616,1,1,8.117917419222193,8737.217424753748,1,9.749324869878672,2,5,4,5.0,3
56,2024,central,0,1,16,40,55197.690239667456,0.49133377330831074,5.67268606357409,1,1,8.20675732449033,7780.139924060318,1,7.7287328795317265,3,4,5,5.0,4
56,2025,central,0,1,16,41,49561.22917288504,0.49133377330831074,4.698492155217141,1,1,4.526595500159981,6750.716561383679,0,6.365246156161554,4,3,3,,3
57,2018,central,1,0,11,27,33693.40954907706,0.2805713231637617,1.8883049981742428,1,0,4.997386460657602,3601.1840768362263,0,7.6666219742905355,1,4,3,2.0,4
57,2019,central,1,0,11,28,44778.82649704325,0.2805713231637617,2.40351136680324,1,0,6.809343339653736,4795.139078445229,1,6.73347891154019,2,4,5,3.0,3
57,2020,central,1,0,11,29,46549.02186389468,0.2805713231637617,3.5590027188422937,1,0,6.740266506661558,6679.1168668631035,0,6.904745321208589,2,4,3,3.0,4
57,2021,central,1,0,11,30,49293.37735992335,0.2805713231637617,2.9366237501735695,1,0,4.355108622001963,4680.136348355261,1,8.188774876204413,2,5,5,3.0,4
57,2022,central,1,0,11,31,36672.43147856334,0.2805713231637617,3.1096050527615837,1,1,7.065855910327489,3965.1125159562052,0,6.057749840142394,1,3,3,3.0,3
57,2023,central,1,0,11,32,39138.975722612886,0.2805713231637617,3.183742154047556,1,1,4.5480327084113545,5382.973035899046,0,7.911537370276181,2,4,4,3.0,1
57,2024,central,1,0,11,33,44243.44453575517,0.2805713231637617,3.1704815427761215,1,1,6.674450099373063,4856.1999722188575,1,8.23980088097264,2,5,3,3.0,3
57,2025,central,1,0,11,34,53717.61379117778,0.2805713231637617,3.267323728241165,1,1,5.33263576943453,4762.09972974121,1,6.650433449418215,1,4,3,2.0,3
58,2018,east,1,0,18,25,46233.57164918106,0.31351625359405466,2.921384432366006,1,0,3.620831328184461,4527.628464842386,1,9.541702668828277,0,5,4,4.0,3
58,2019,east,1,0,18,26,53316.54488989838,0.31351625359405466,5.172169030965232,1,0,4.323040167770179,8830.741217504405,0,7.718409251568791,1,4,3,4.0,3
58,2020,east,1,0,18,27,54587.61961007751,0.31351625359405466,5.979160105625364,1,0,2.29293059152564,8498.544982456697,0,6.089769514308925,2,3,3,5.0,4
58,2021,east,1,0,18,28,54549.83085104493,0.31351625359405466,5.967777805670515,1,0,1.4039851043678329,7255.097053982077,1,6.504399748510061,0,4,3,4.0,3
58,2022,east,1,0,18,29,57940.83416882592,0.31351625359405466,4.183569507028087,1,1,5.2860299097869285,4348.92746364813,1,8.242960679716138,0,5,3,4.0,2
58,2023,east,1,0,18,30,65415.004703207,0.31351625359405466,5.00530159019519,1,1,4.113321336105784,7207.288369768777,0,6.951022988987889,2,4,2,3.0,4
58,2024,east,1,0,18,31,69440.00454190928,0.31351625359405466,5.2085668618174745,1,1,6.105061344997518,7112.434345897496,1,8.816429364066796,2,5,5,3.0,1
58,2025,east,1,0,18,32,62510.65566060091,0.31351625359405466,3.525435951638939,1,1,3.900745224221501,6226.216230208869,1,8.738682335327544,1,5,4,,3
59,2018,central,0,0,17,52,70876.820187673,0.01803656314266458,4.882934864907673,1,0,2.2057356864968867,12968.809777930264,1,9.09304564725431,10,5,4,3.0,4
59,2019,central,0,0,17,53,53524.52265373394,0.01803656314266458,3.0790315859731017,1,0,7.002104445548662,12472.92286434579,1,7.819117873122054,6,4,2,5.0,4
59,2020,central,0,0,17,54,60898.9303505236,0.01803656314266458,5.8203926677009745,1,0,3.783815020908747,10442.462197809082,1,7.797157838268154,2,4,3,4.0,2
59,2021,central,0,0,17,55,74933.41057115751,0.01803656314266458,4.848294992833418,1,0,4.55411994492874,10044.398997993934,0,8.916633051610702,3,5,1,3.0,3
59,2022,central,0,0,17,56,60413.55014923802,0.01803656314266458,2.1077498484003927,1,1,5.553575643960219,7092.601326929336,1,9.344019939092737,4,5,3,4.0,4
59,2023,central,0,0,17,57,47910.75889773788,0.01803656314266458,1.2555389146173686,1,1,5.805075043699224,6474.1154224959155,1,7.50155248206453,2,4,3,3.0,2
59,2024,central,0,0,17,58,75348.0065968026,0.01803656314266458,4.096886293106882,1,1,7.353088605677391,9013.909887921052,1,9.99247632872231,2,5,4,5.0,4
59,2025,central,0,0,17,59,56194.66448098967,0.01803656314266458,3.815037541717214,1,1,5.442441518351644,9527.32367807091,1,7.059990912447592,2,4,4,4.0,2
60,2018,east,1,0,16,41,50934.05012806811,-0.8562553930975922,3.5341088370827487,1,0,4.21365830409774,6597.560667613155,0,8.31936898215618,3,5,4,1.0,3
60,2019,east,1,0,16,42,56724.91305440909,-0.8562553930975922,2.744650202850331,1,0,2.640028245374864,6572.084700534557,0,7.788861791324366,1,4,3,3.0,5
60,2020,east,1,0,16,43,57054.57225941678,-0.8562553930975922,3.5061818793772765,1,0,5.103054286583808,7906.743845268328,1,9.301867624206787,3,5,4,5.0,3
60,2021,east,1,0,16,44,62225.69256329688,-0.8562553930975922,5.313314155142364,1,0,3.9534332601718214,6005.19186552186,0,8.473064174439733,2,5,3,4.0,1
60,2022,east,1,0,16,45,48995.289198678045,-0.8562553930975922,3.261140359598014,1,1,6.27831518887834,6709.167488360326,1,8.371273211148027,3,5,2,5.0,3
60,2023,east,1,0,16,46,57979.52668387925,-0.8562553930975922,2.2179360068116214,1,1,5.6527103134049455,5954.877716988281,1,8.251707785234776,1,5,5,3.0,4
60,2024,east,1,0,16,47,68334.16650863798,-0.8562553930975922,2.6053022907238135,1,1,7.899337318356104,6000.183575924478,1,6.885266930733899,4,4,2,4.0,4
60,2025,east,1,0,16,48,61546.62920581492,-0.8562553930975922,1.677010438693893,1,1,5.878731541128636,6838.200601366773,1,8.646977827138029,1,5,3,2.0,3
61,2018,north,0,0,14,31,49385.48060228733,0.533742805296336,4.187131783214393,1,0,5.187614117631885,4446.509949705991,1,8.293359679956849,2,5,4,1.0,3
61,2019,north,0,0,14,32,61845.04363870316,0.533742805296336,4.2068858811958725,1,0,1.5870779112991793,5332.371626165253,1,8.372716115659685,3,5,3,3.0,4
61,2020,north,0,0,14,33,52435.88507825387,0.533742805296336,3.4663410835087385,1,0,1.357961347313196,4395.894833001879,0,,1,5,4,4.0,2
61,2021,north,0,0,14,34,55366.986717972475,0.533742805296336,3.463908080129205,1,0,2.397184650042645,4695.363748189973,0,8.16463406992183,1,5,2,3.0,3
61,2022,north,0,0,14,35,50468.05432085336,0.533742805296336,2.9735256669461414,1,1,5.113951351919289,6473.896227155926,1,7.546735494983981,1,4,4,3.0,3
61,2023,north,0,0,14,36,49450.14550672297,0.533742805296336,2.7774068825296205,1,1,4.883400338954104,5591.301460467694,1,8.745609940511432,4,5,4,4.0,3
61,2024,north,0,0,14,37,59555.60612619996,0.533742805296336,3.731328951705061,1,1,6.94005352103366,6836.973337449101,0,6.330101243544945,3,3,1,3.0,2
61,2025,north,0,0,14,38,49309.890987867686,0.533742805296336,3.8157282726288573,1,1,5.027551373611456,5695.159118130621,1,7.674439994343499,5,4,3,4.0,3
62,2018,west,0,0,19,33,64322.63413640415,0.8028347459915485,4.94451624019276,1,0,4.254782106352703,5933.988073433627,0,8.542653446999017,0,5,4,3.0,4
62,2019,west,0,0,19,34,51314.83986227511,0.8028347459915485,5.730936072926174,1,0,5.318657542021752,9146.509349444326,1,7.30452878777998,5,4,4,4.0,4
62,2020,west,0,0,19,35,61239.854954728566,0.8028347459915485,5.658272131917006,1,0,2.8367206205182605,7682.0437385337,1,10.0,1,5,2,3.0,2
62,2021,west,0,0,19,36,53539.746961896286,0.8028347459915485,5.5090650482630705,1,0,2.099528223891923,8533.187325327486,1,9.93551575007324,1,5,5,3.0,2
62,2022,west,0,0,19,37,62756.276341123026,0.8028347459915485,7.614600901557386,1,1,3.664454772844183,13015.20927874005,1,8.325073447747036,0,5,4,4.0,2
62,2023,west,0,0,19,38,61600.24728042721,0.8028347459915485,3.791585433878794,1,1,5.546213235643245,8620.39494417659,1,8.783796989839173,0,5,4,2.0,1
62,2024,west,0,0,19,39,63753.195713101486,0.8028347459915485,6.25301463685708,1,1,5.620148372969525,9327.553789625375,1,7.5426114260619235,2,4,5,5.0,4
62,2025,west,0,0,19,40,61208.581158450346,0.8028347459915485,4.2000050363033195,1,1,5.846766110636097,6917.269284174827,1,7.955113849602626,5,4,3,3.0,3
63,2018,west,0,0,19,52,59656.59531144046,0.10583036297423759,2.5818920132625642,1,0,2.0143442116300507,6915.383000275585,1,8.23939654157351,2,5,3,2.0,3
63,2019,west,0,0,19,53,57207.88598996786,0.10583036297423759,5.282057082259584,1,0,2.194344977945276,11961.744525084481,0,,5,5,2,4.0,3
63,2020,west,0,0,19,54,55202.6986716985,0.10583036297423759,3.8518592486938243,1,0,3.1808952266756343,10132.96077694142,0,8.084621395430617,5,5,3,2.0,3
63,2021,west,0,0,19,55,,0.10583036297423759,3.287345932220985,1,0,3.972750494577397,9618.734679601177,1,9.489080665999314,5,5,4,4.0,4
63,2022,west,0,0,19,56,59232.49621265428,0.10583036297423759,5.250124624872849,1,1,4.9782874017431755,13947.946164869303,1,7.926916204079209,2,4,3,4.0,3
63,2023,west,0,0,19,57,57228.505477299535,0.10583036297423759,2.420159735092812,1,1,6.662616427689495,9222.715012676543,0,8.526909759997459,1,5,1,3.0,2
63,2024,west,0,0,19,58,73267.82938518129,0.10583036297423759,5.497060286179607,1,1,6.4787294148733094,11772.830050297589,1,9.66940681939941,3,5,4,3.0,2
63,2025,west,0,0,19,59,60322.69113481381,0.10583036297423759,4.8998603651943995,1,1,2.9931178654723625,11552.138331210612,1,9.635622297869205,4,5,3,3.0,3
64,2018,west,0,1,12,29,40616.70935043995,1.7761862991949777,3.322561297073842,1,0,2.127104524743327,5113.97723051215,0,7.9668629532642345,2,4,2,5.0,5
64,2019,west,0,1,12,30,50227.90635231437,1.7761862991949777,3.1326264390335714,1,0,0.6950950264936684,4969.054677085001,0,7.234281512990831,0,4,2,3.0,3
64,2020,west,0,1,12,31,45254.313754647534,1.7761862991949777,3.4725626225800115,1,0,6.084209139112724,3974.009481680534,0,7.265199870970183,2,4,1,2.0,3
64,2021,west,0,1,12,32,52086.47687437857,1.7761862991949777,4.644451644182882,1,0,3.8820546534752847,4879.656489457578,1,7.890450591824754,0,4,2,2.0,3
64,2022,west,0,1,12,33,45790.73903481168,1.7761862991949777,2.752051450471396,1,1,6.108779872918027,6405.296970763362,1,5.943503665620045,2,3,3,3.0,2
64,2023,west,0,1,12,34,50389.089731753804,1.7761862991949777,4.1122031239451,1,1,6.355171882495563,4918.836314903052,1,6.315559197662721,2,3,4,3.0,4
64,2024,west,0,1,12,35,44524.3057557712,1.7761862991949777,2.8354343704537044,1,1,4.295646988560346,4889.609034457062,0,6.783884500987508,4,4,2,4.0,3
64,2025,west,0,1,12,36,47394.741033089434,1.7761862991949777,5.8590848741207795,1,1,5.764718970787067,6853.153588389676,1,6.6296913555194745,2,4,4,2.0,2
65,2018,west,0,0,15,34,53536.48271196121,1.715895805445527,4.358352846890115,1,0,3.8442886301186867,6835.494290281394,1,8.169285728590747,2,5,5,2.0,2
65,2019,west,0,0,15,35,49483.674423152945,1.715895805445527,6.398556673976308,1,0,5.292449702972248,9098.379659102435,1,7.766153070302309,4,4,4,4.0,2
65,2020,west,0,0,15,36,47178.28715711901,1.715895805445527,4.650425141012265,1,0,5.695444113231467,7904.343595763782,0,8.070713263713293,3,5,4,4.0,2
65,2021,west,0,0,15,37,54767.07952909655,1.715895805445527,5.282850132377392,1,0,2.325476159085262,8881.047491374713,1,9.016663965227389,4,5,3,4.0,3
65,2022,west,0,0,15,38,58655.81221388439,1.715895805445527,3.079581521753364,1,1,6.784425826401747,6921.101338254856,1,8.24528748782199,1,5,3,3.0,4
65,2023,west,0,0,15,39,50962.30223944688,1.715895805445527,4.957609032100933,1,1,5.619583136106968,7372.906814695611,0,8.579102667834208,2,5,2,3.0,2
65,2024,west,0,0,15,40,68708.25646902723,1.715895805445527,5.076457277724742,1,1,5.423935133382915,9826.319202531311,1,9.009341289402201,0,5,4,5.0,4
65,2025,west,0,0,15,41,56782.93364571047,1.715895805445527,6.140960114994793,1,1,6.764060852758791,8754.013149218925,1,8.503066701417033,3,5,3,4.0,3
66,2018,north,0,1,13,29,42077.59396716261,-0.9094784095245666,3.4339169400386846,1,0,4.165835729956745,3477.9666195910463,1,7.578954174515546,4,4,2,2.0,2
66,2019,north,0,1,13,30,47779.19194674077,-0.9094784095245666,3.3014867314587404,1,0,3.9069181544415765,5326.120443754081,1,9.051877528958915,2,5,3,4.0,3
66,2020,north,0,1,13,31,35332.647952039566,-0.9094784095245666,2.2428018413249315,1,0,2.7782800904539,5210.899990801635,0,7.475789663978757,4,4,2,3.0,3
66,2021,north,0,1,13,32,48281.95224705236,-0.9094784095245666,2.267910920985685,1,0,5.124790724994741,4250.487933215092,0,,1,4,2,4.0,5
66,2022,north,0,1,13,33,48207.597350112825,-0.9094784095245666,1.9500214726031981,1,1,6.704837315090868,3249.3313013214474,1,6.118231592014368,2,3,2,,3
66,2023,north,0,1,13,34,43098.992318604534,-0.9094784095245666,2.6410657154425814,1,1,4.635345410498983,5003.743224606636,0,9.485506364127595,3,5,4,4.0,3
66,2024,north,0,1,13,35,44898.231315860095,-0.9094784095245666,4.864923852409678,1,1,4.0506164416822275,4495.780331831772,1,5.475206486245478,3,3,3,3.0,3
66,2025,north,0,1,13,36,42469.04345348503,-0.9094784095245666,2.546320019706041,1,1,4.808743966557431,4223.814977122519,1,8.042019417123083,5,5,2,3.0,5
67,2018,east,0,0,14,49,57473.50874293214,-0.11337933320208611,2.1858262250871583,1,0,3.4210081227376055,5403.156734169867,0,7.885121624085027,4,4,3,4.0,1
67,2019,east,0,0,14,50,56464.43625376142,-0.11337933320208611,4.655233024953392,1,0,6.006917923334932,6984.969705827429,1,8.45925157935663,2,5,4,4.0,3
67,2020,east,0,0,14,51,62577.596942061726,-0.11337933320208611,5.769979872541715,1,0,5.844086779018481,7843.953645001011,1,8.465809444297333,2,5,5,5.0,2
67,2021,east,0,0,14,52,50968.739025500756,-0.11337933320208611,2.628967932844953,1,0,3.8791093796468603,9227.794356556264,1,9.820869126309043,1,5,3,3.0,3
67,2022,east,0,0,14,53,56161.79776943932,-0.11337933320208611,1.053249534348128,1,1,3.7463945375841456,4185.287893765855,1,7.782362369460014,1,4,4,4.0,2
67,2023,east,0,0,14,54,50726.88747475568,-0.11337933320208611,3.208567666690219,1,1,7.59950166513274,5723.082813443211,1,8.077636634255295,3,5,3,,2
67,2024,east,0,0,14,55,54897.588264055834,-0.11337933320208611,3.1280843672373595,1,1,6.811628956827511,8605.029852416525,1,6.2198520514909115,2,3,3,2.0,3
67,2025,east,0,0,14,56,62147.073697453074,-0.11337933320208611,3.402594372881548,1,1,4.431241533217091,8645.154892853952,1,6.8667917670741225,2,4,2,4.0,3
68,2018,south,1,0,14,47,60317.66430589913,-0.35965902552886136,2.738522172254803,1,0,3.890645008703249,7042.514022454317,1,,1,4,3,5.0,3
68,2019,south,1,0,14,48,41187.93212581493,-0.35965902552886136,2.3865384920337522,1,0,5.313527426444945,7612.805522345533,1,9.305528561116382,5,5,3,4.0,2
68,2020,south,1,0,14,49,44556.79367636112,-0.35965902552886136,2.731530678891782,1,0,6.612632479067761,6395.771662678729,1,7.631350789653334,5,4,5,3.0,4
68,2021,south,1,0,14,50,57454.34697039188,-0.35965902552886136,4.270448252529549,1,0,3.388121131171832,6180.394591772771,1,7.0125075326638235,1,4,1,3.0,2
68,2022,south,1,0,14,51,56948.577947650054,-0.35965902552886136,4.031903654675837,1,1,8.572450528959001,5146.094880192913,1,7.921342077153847,5,4,4,4.0,4
68,2023,south,1,0,14,52,65881.58610333265,-0.35965902552886136,3.289473630299487,1,1,7.416942736273804,6594.596543818998,1,6.947378667840951,5,4,3,3.0,3
68,2024,south,1,0,14,53,56250.70045497055,-0.35965902552886136,4.353428658297489,1,1,7.502317395791384,6244.103036215789,0,9.436278547856515,2,5,3,3.0,3
68,2025,south,1,0,14,54,,-0.35965902552886136,4.696297649092082,1,1,8.675249939453431,8396.794870293723,1,9.737142092637011,6,5,3,4.0,2
69,2018,central,1,0,13,34,42128.52686651658,0.13010496475480696,4.649642071535396,1,0,1.2872955847321497,5129.494555371012,0,9.5912086926709,2,5,3,4.0,2
69,2019,central,1,0,13,35,,0.13010496475480696,3.932867627003546,1,0,1.5511503466882397,4235.014088783154,1,8.077400131087897,1,5,2,4.0,3
69,2020,central,1,0,13,36,34929.730948599135,0.13010496475480696,1.7131723444532732,1,0,3.643105428492914,2385.985577417119,1,5.929453097799222,2,3,3,4.0,4
69,2021,central,1,0,13,37,53657.402001139104,0.13010496475480696,1.9436045680702747,1,0,1.2852360373310743,3826.0616172159116,0,7.636201772131703,5,4,3,5.0,4
69,2022,central,1,0,13,38,48907.820436270515,0.13010496475480696,3.6146881973630545,1,1,2.274438879240565,7396.618096614363,1,7.9970804565838005,6,4,3,4.0,2
69,2023,central,1,0,13,39,55046.88672039383,0.13010496475480696,2.634051537344221,1,1,4.65075002387158,4228.740735310394,1,6.686828212477379,1,4,4,4.0,2
69,2024,central,1,0,13,40,47089.76046669103,0.13010496475480696,2.5536582794418377,1,1,2.5180430247798204,4806.507702060762,1,8.404255142332138,3,5,3,3.0,2
69,2025,central,1,0,13,41,,0.13010496475480696,3.9129124133668864,1,1,6.397073273135149,3387.075769160916,0,6.590840310116705,0,4,2,3.0,2
70,2018,south,1,1,14,50,48035.915194802845,0.10024691776563245,3.3135795381625064,1,0,2.6797182813511444,7485.903804353163,1,7.145240810931854,1,4,3,3.0,2
70,2019,south,1,1,14,51,52921.63472682838,0.10024691776563245,3.6558092112184712,1,0,2.6880390308568622,4042.8101534793927,1,8.596933186190162,0,5,4,,3
70,2020,south,1,1,14,52,64350.00335820849,0.10024691776563245,2.0298347516139437,1,0,3.0005241074366267,6214.162101696702,0,7.2767606377786835,1,4,4,5.0,2
70,2021,south,1,1,14,53,52720.57313354271,0.10024691776563245,2.762641740821467,1,0,3.6590254616749576,5633.383464242022,0,7.394134176641072,4,4,1,3.0,5
70,2022,south,1,1,14,54,58445.36745491293,0.10024691776563245,4.001001589965114,1,1,3.2509968673347887,4431.901913073944,0,7.689215930327415,3,4,2,4.0,2
70,2023,south,1,1,14,55,46483.98097437211,0.10024691776563245,2.293752050520011,1,1,6.15751306335124,6416.089776164709,0,7.374991286073615,6,4,2,3.0,4
70,2024,south,1,1,14,56,61054.28245310475,0.10024691776563245,3.3184615253249388,1,1,6.911943084430973,4586.425247392104,1,9.367366814189557,6,5,4,4.0,4
70,2025,south,1,1,14,57,43212.56809211368,0.10024691776563245,2.3487524165828386,1,1,3.9533790501691457,4599.0762729195885,1,7.948779178231271,3,4,2,3.0,3
71,2018,north,0,0,16,23,57998.24930209135,-1.0490692057228186,2.135461780911429,1,0,5.678162706098205,6002.627143287914,0,7.852993727206538,1,4,2,4.0,2
71,2019,north,0,0,16,24,49814.90259224221,-1.0490692057228186,4.851698429004523,1,0,3.2575531568702427,5330.242485018935,1,10.0,4,5,3,4.0,4
71,2020,north,0,0,16,25,47692.02291467855,-1.0490692057228186,1.9184105083492702,1,0,2.0711600626798843,5825.652442022508,0,5.381198633407385,1,3,3,3.0,2
71,2021,north,0,0,16,26,45750.95160853766,-1.0490692057228186,3.663922845257114,1,0,6.291495653782207,8859.080571640121,1,9.477525031441152,1,5,3,3.0,4
71,2022,north,0,0,16,27,49328.979047928435,-1.0490692057228186,4.492004778730697,1,1,6.325228269333363,8279.629874248965,0,10.0,1,5,2,3.0,3
71,2023,north,0,0,16,28,57772.874631462895,-1.0490692057228186,2.8326567882346994,1,1,9.871194739934996,3949.19717714959,1,8.681930747492228,2,5,5,3.0,3
71,2024,north,0,0,16,29,40838.43572905989,-1.0490692057228186,3.1708279620751583,1,1,9.923142198621434,5011.666253186793,0,7.8093805572611865,2,4,2,4.0,3
71,2025,north,0,0,16,30,56384.748167484126,-1.0490692057228186,3.0170893433107295,1,1,8.400068129482584,6869.021719967042,0,10.0,0,5,5,4.0,2
72,2018,east,1,0,14,39,43300.0280042832,-1.0146230920401755,2.4289987976420626,1,0,2.6140701757902693,7647.69281421761,0,6.025514618000482,3,3,4,5.0,5
72,2019,east,1,0,14,40,47018.68240576406,-1.0146230920401755,3.4150613943241663,1,0,2.8146058400318466,5494.824612570665,1,7.08958484323381,2,4,2,4.0,1
72,2020,east,1,0,14,41,59938.40394292071,-1.0146230920401755,2.888698923354203,1,0,6.497177856130927,7807.366653087956,1,7.6532250314327825,4,4,2,3.0,4
72,2021,east,1,0,14,42,45856.163187314865,-1.0146230920401755,2.2777087357835284,1,0,4.3931281137485785,5045.112466404334,1,7.937754018064675,1,4,5,4.0,4
72,2022,east,1,0,14,43,52549.663308396644,-1.0146230920401755,2.1552985772335007,1,1,4.342861117971571,3006.1520896787347,0,9.585554346111943,2,5,3,2.0,4
72,2023,east,1,0,14,44,59508.65640758831,-1.0146230920401755,3.9984042597890044,1,1,4.40310407307596,9627.4809477244,1,7.559176059939655,0,4,4,4.0,4
72,2024,east,1,0,14,45,52796.335255027436,-1.0146230920401755,2.003809139368164,1,1,6.405261836486574,5021.31098960224,1,5.708572321693216,3,3,4,4.0,5
72,2025,east,1,0,14,46,56452.04919177452,-1.0146230920401755,2.7436456347293263,1,1,3.999146835370731,6622.693210691473,1,9.9987864531947,3,5,4,5.0,4
73,2018,north,1,0,16,54,65524.648749215994,-1.2836654523989937,3.4091808269021673,1,0,7.056907894527631,11647.224530495942,1,8.533522060986083,4,5,4,4.0,4
73,2019,north,1,0,16,55,67407.51628198079,-1.2836654523989937,3.131210133214219,1,0,4.890495985952526,8412.986493370978,1,9.139144688820755,7,5,2,4.0,5
73,2020,north,1,0,16,56,66928.66604093902,-1.2836654523989937,3.294068201709213,1,0,4.605045229145099,6339.969551956842,1,10.0,4,5,4,4.0,4
73,2021,north,1,0,16,57,40134.48111862653,-1.2836654523989937,3.2653212457787824,1,0,6.868037341033565,9878.519177471115,0,8.559721500070403,4,5,5,2.0,3
73,2022,north,1,0,16,58,57042.936207346735,-1.2836654523989937,4.908170880637083,1,1,7.418638413886293,14054.63780393272,1,9.700994265756238,3,5,2,4.0,3
73,2023,north,1,0,16,59,78611.88563326563,-1.2836654523989937,3.531096397252188,1,1,4.579481886759005,7609.795099816252,1,8.981003631107278,5,5,2,3.0,1
73,2024,north,1,0,16,60,60772.817548335806,-1.2836654523989937,4.243834972461292,1,1,8.183546362384229,9013.453342795237,1,10.0,4,5,4,4.0,3
73,2025,north,1,0,16,61,66968.04254803574,-1.2836654523989937,2.4699710693419865,1,1,10.266575606735934,7059.532159668422,1,8.125741215448324,2,5,2,4.0,3
74,2018,south,0,0,12,28,46205.016851151486,-1.1366223093357921,1.513358424164568,1,0,5.00944808114965,4335.946442610343,0,6.779397813058454,2,4,2,4.0,5
74,2019,south,0,0,12,29,48130.64669415048,-1.1366223093357921,2.9353809838673723,1,0,5.408364360395499,3742.960214953432,1,7.924068059476327,0,4,4,3.0,3
74,2020,south,0,0,12,30,59708.791518613965,-1.1366223093357921,2.3704385574792366,1,0,4.045082488016389,6308.858453151227,1,8.053148388427047,0,5,3,2.0,4
74,2021,south,0,0,12,31,42192.33348390997,-1.1366223093357921,2.5531725768223406,1,0,4.713904389911367,3019.465971509002,0,6.5319459979983625,0,4,2,4.0,4
74,2022,south,0,0,12,32,48217.76446184101,-1.1366223093357921,1.832717745419471,1,1,7.4400405242549095,3720.3752437980665,1,8.060650630877223,1,5,4,3.0,3
74,2023,south,0,0,12,33,61055.89644640997,-1.1366223093357921,2.782999576333208,1,1,4.640489859300752,3590.6254136746024,1,7.912860569332968,1,4,4,2.0,3
74,2024,south,0,0,12,34,40942.53715348795,-1.1366223093357921,3.4984768323155864,1,1,5.8509036163385115,5591.063066822491,1,8.66909504349278,3,5,2,3.0,3
74,2025,south,0,0,12,35,36260.073984398594,-1.1366223093357921,2.918798920628679,1,1,9.746909960159016,8668.595547239182,0,6.504320806481734,0,4,2,3.0,4
75,2018,east,0,0,18,50,53250.00636392623,-0.5651950334081716,2.243489925553454,0,0,3.8454327825684564,10986.041967908948,1,8.758899882902261,6,5,3,3.0,4
75,2019,east,0,0,18,51,51921.37740535981,-0.5651950334081716,3.3479290498573286,0,0,4.110191551202823,11942.962517641396,1,9.495969460835195,3,5,4,3.0,3
75,2020,east,0,0,18,52,49502.45370985267,-0.5651950334081716,4.518062927092587,0,0,4.700260433350322,9101.861234292086,1,7.908610644216288,1,4,3,3.0,3
75,2021,east,0,0,18,53,61299.7097235286,-0.5651950334081716,2.768235334812434,0,0,3.4977570645639524,10183.275094566101,1,9.96986521684111,1,5,4,4.0,3
75,2022,east,0,0,18,54,69265.04673464938,-0.5651950334081716,3.2211191146576637,0,1,7.44817834589097,8929.12276349235,1,8.698818568139867,1,5,3,2.0,4
75,2023,east,0,0,18,55,78502.98358507555,-0.5651950334081716,4.359360297098774,0,1,3.5966690638562633,12992.766126787421,1,9.414197452636763,4,5,4,3.0,4
75,2024,east,0,0,18,56,71528.5216778552,-0.5651950334081716,4.261695715663385,0,1,3.8833819943039143,11103.98400681664,1,9.023015032337321,1,5,2,5.0,3
75,2025,east,0,0,18,57,60417.49854904672,-0.5651950334081716,3.680259686405272,0,1,4.541880699919821,9971.902874133573,0,6.9204988808996255,2,4,3,4.0,4
76,2018,east,1,0,16,48,55217.79680983564,-0.794733138349732,2.816848485196531,0,0,3.003341294883216,5589.28727322072,0,7.543302769541452,2,4,3,3.0,3
76,2019,east,1,0,16,49,61072.71784775564,-0.794733138349732,3.2101129440963923,0,0,4.118773575182017,7934.685400725666,1,7.924822514435937,3,4,3,2.0,2
76,2020,east,1,0,16,50,57882.736403123556,-0.794733138349732,3.112619820433603,0,0,2.217724262983376,5247.710866629373,0,6.902940587532874,3,4,2,3.0,3
76,2021,east,1,0,16,51,58038.31690279381,-0.794733138349732,3.293945380359849,0,0,4.390764936684355,11866.61898389349,1,9.124415207273767,3,5,3,5.0,2
76,2022,east,1,0,16,52,58432.72362098956,-0.794733138349732,3.3787522917316326,0,1,4.639478505657328,7821.363070309321,1,8.800627655423787,6,5,3,3.0,3
76,2023,east,1,0,16,53,68959.27183095999,-0.794733138349732,4.478803181996896,0,1,5.5738289312812395,11246.677042739295,1,8.556227937104945,1,5,3,3.0,4
76,2024,east,1,0,16,54,74300.7868951993,-0.794733138349732,2.1658172279498378,0,1,2.6959725825655827,7090.456385053174,1,9.787876879611387,2,5,2,4.0,2
76,2025,east,1,0,16,55,52725.50072236985,-0.794733138349732,4.907138466367936,0,1,2.392027662342638,10937.786815028647,1,8.237120937217579,3,5,4,4.0,1
77,2018,north,0,0,15,50,68758.18462626512,1.0530516855396053,3.6332275049425276,0,0,3.418666204190449,7377.186913779289,1,9.472850684969089,4,5,3,4.0,4
77,2019,north,0,0,15,51,63581.01018343446,1.0530516855396053,6.250637745189952,0,0,0.8160036341074646,10319.419994770857,1,7.003044769319271,6,4,2,4.0,2
77,2020,north,0,0,15,52,61617.85919409466,1.0530516855396053,3.3110903590005134,0,0,3.7804367272059585,6566.013849756958,1,6.749021415041133,3,4,2,3.0,4
77,2021,north,0,0,15,53,51841.351184027415,1.0530516855396053,4.427395150478622,0,0,4.224761134586126,8124.999881770597,0,8.417227342341926,1,5,3,3.0,3
77,2022,north,0,0,15,54,69699.25219752686,1.0530516855396053,5.765524730376738,0,1,3.1715300153748593,8928.942323470596,1,9.035366554511008,6,5,5,3.0,3
77,2023,north,0,0,15,55,66334.53277096794,1.0530516855396053,3.957323668401591,0,1,2.847396370307699,8257.237519112856,1,8.430968374484976,4,5,4,3.0,3
77,2024,north,0,0,15,56,65109.224638313164,1.0530516855396053,2.9201379202736018,0,1,2.9127175089454913,8422.86980762421,0,8.347960948243854,1,5,4,3.0,3
77,2025,north,0,0,15,57,62947.05383523072,1.0530516855396053,3.831137246360022,0,1,3.810268866785263,9129.463590453985,0,7.429947293908168,4,4,4,3.0,3
78,2018,south,1,0,19,45,58332.593666444955,1.1387052288920503,5.767544485076827,0,0,5.789874624605247,11820.900749108394,1,7.921263254874971,0,4,3,3.0,2
78,2019,south,1,0,19,46,71323.12550310798,1.1387052288920503,4.038187325334085,0,0,5.182274837842455,15914.453982492201,1,10.0,1,5,4,4.0,3
78,2020,south,1,0,19,47,61951.99309777105,1.1387052288920503,6.012472843721659,0,0,7.198384801918927,9868.376373523324,1,6.838837209619578,3,4,4,4.0,2
78,2021,south,1,0,19,48,55776.605340430055,1.1387052288920503,7.580927616637949,0,0,3.250736103636714,12230.459923945016,0,7.9127410970649965,3,4,3,3.0,2
78,2022,south,1,0,19,49,58006.57356763101,1.1387052288920503,6.280112811296708,0,1,4.895797332276036,10670.085008415548,1,6.842413317853003,1,4,2,3.0,2
78,2023,south,1,0,19,50,66456.01138680277,1.1387052288920503,4.968106550094294,0,1,6.923148726215532,8387.123647690045,1,7.256241070279372,6,4,3,2.0,5
78,2024,south,1,0,19,51,78481.99043267607,1.1387052288920503,6.1869190533637575,0,1,2.43521056280503,13768.194952864895,1,8.739615742066006,4,5,4,2.0,3
78,2025,south,1,0,19,52,66347.43464481679,1.1387052288920503,8.081871281218387,0,1,5.68274962325634,15939.29280844476,0,8.688885248850342,2,5,3,2.0,4
79,2018,south,1,0,16,50,67838.38723515268,0.18919298154110614,4.676980801865046,0,0,5.691368233535746,11148.34518242201,1,9.129186568242602,2,5,3,4.0,2
79,2019,south,1,0,16,51,64577.24487305749,0.18919298154110614,3.5174233555700427,0,0,5.3503648927090515,10049.51686157415,0,7.953339485789186,2,4,3,4.0,1
79,2020,south,1,0,16,52,61994.17379141448,0.18919298154110614,4.505396038466157,0,0,5.462470359251203,10302.99067328766,1,8.274503319741637,3,5,4,,2
79,2021,south,1,0,16,53,54885.28805571403,0.18919298154110614,6.141549426879948,0,0,4.891833379541656,11382.920680596144,0,10.0,3,5,3,2.0,2
79,2022,south,1,0,16,54,55344.11452938088,0.18919298154110614,4.32521172705939,0,1,7.168543295581933,11242.094634926709,1,8.35971588676495,3,5,4,2.0,4
79,2023,south,1,0,16,55,63101.09855598467,0.18919298154110614,4.164645390579842,0,1,2.8526326230827275,10314.780266101956,1,9.933032808376314,2,5,2,4.0,3
79,2024,south,1,0,16,56,58176.58351789486,0.18919298154110614,3.161827772229201,0,1,3.668811276828431,10507.093994866891,1,8.580996018400397,4,5,4,3.0,5
79,2025,south,1,0,16,57,62030.80181422204,0.18919298154110614,3.948568531791362,0,1,8.221916876380792,6299.777976288593,1,9.305009435980988,3,5,2,3.0,2
80,2018,west,0,0,13,31,41206.92916860607,-0.4096133993318304,3.256882984191733,0,0,2.1932697906738725,4706.538045125334,0,6.5934862259834075,1,4,4,3.0,2
80,2019,west,0,0,13,32,46720.450745351634,-0.4096133993318304,2.5884741782634935,0,0,5.847101296320072,4131.732137527824,1,,1,5,3,4.0,5
80,2020,west,0,0,13,33,38698.939358550335,-0.4096133993318304,4.92585479563623,0,0,2.562076649985254,7608.976613493342,0,6.740385999541581,4,4,2,4.0,5
80,2021,west,0,0,13,34,52307.78444782639,-0.4096133993318304,3.529641418391159,0,0,7.414156578775815,4801.602890637811,0,7.061904890369639,4,4,1,3.0,1
80,2022,west,0,0,13,35,41284.46201951595,-0.4096133993318304,3.7813699059396035,0,1,5.846820114379908,5159.883380405622,1,6.507419105215669,1,4,2,5.0,4
80,2023,west,0,0,13,36,42985.294226609694,-0.4096133993318304,3.2118145486390275,0,1,5.1514151996100335,6506.385007140309,1,7.370527633770889,2,4,4,4.0,2
80,2024,west,0,0,13,37,61306.5424303105,-0.4096133993318304,1.309966950731186,0,1,3.7709736895605985,4145.382415298426,1,10.0,1,5,3,2.0,1
80,2025,west,0,0,13,38,59181.45970353916,-0.4096133993318304,4.6367037251213254,0,1,3.675449153056701,7854.749631641679,1,8.414461631098199,3,5,3,4.0,3
81,2018,east,0,0,14,46,58295.916860702346,-3.043446137284179,2.795627278814103,0,0,6.000145291186052,5197.923384079614,1,8.187612841570358,4,5,3,3.0,3
81,2019,east,0,0,14,47,54254.88653706069,-3.043446137284179,3.03791184180266,0,0,4.035025602557753,6726.566510672828,1,9.231984939570596,0,5,4,2.0,2
81,2020,east,0,0,14,48,42263.42465722293,-3.043446137284179,3.096394409406373,0,0,7.343982146262945,5992.451791710704,1,7.909601054282757,1,4,3,3.0,4
81,2021,east,0,0,14,49,65205.21782831811,-3.043446137284179,2.44100352966817,0,0,6.08559229468989,5050.134688428531,0,9.561073528008308,2,5,4,4.0,3
81,2022,east,0,0,14,50,,-3.043446137284179,1.7890710764135742,0,1,7.4443357967993915,5907.077633017679,1,9.845278523309688,1,5,3,4.0,5
81,2023,east,0,0,14,51,55933.323004239115,-3.043446137284179,1.4180303309602165,0,1,5.108434318404948,6240.945539300449,1,8.361361592616987,2,5,3,5.0,2
81,2024,east,0,0,14,52,50940.49013682207,-3.043446137284179,0.2898756424584015,0,1,3.0752009175991972,3169.2503212208408,1,8.437142740399716,3,5,2,3.0,2
81,2025,east,0,0,14,53,64513.4797948232,-3.043446137284179,2.3531813942398103,0,1,6.320964093170831,7435.319520606841,1,8.066131878459826,3,5,4,2.0,5
82,2018,west,1,1,14,51,54261.84757698545,0.23271186563027033,2.8080627548003463,0,0,5.277372678786543,5547.595091595046,1,9.289793362599942,2,5,4,2.0,1
82,2019,west,1,1,14,52,56026.421673115816,0.23271186563027033,5.075939765530349,0,0,3.0025170696567134,7987.7094785501085,1,7.371424287362542,2,4,1,4.0,3
82,2020,west,1,1,14,53,61890.936417831865,0.23271186563027033,2.561655096936673,0,0,4.264362700374649,6477.914380049825,1,7.521469488973757,1,4,3,3.0,2
82,2021,west,1,1,14,54,57788.28873495359,0.23271186563027033,2.6220468096837877,0,0,4.9748622758487695,6105.948269926975,1,9.419764939358213,3,5,3,3.0,3
82,2022,west,1,1,14,55,57251.73067300264,0.23271186563027033,4.150260396866636,0,1,4.769035374963703,7513.444299944888,0,7.74545030513358,3,4,2,4.0,3
82,2023,west,1,1,14,56,55582.72437390261,0.23271186563027033,3.0570801141806614,0,1,4.304202920687523,5106.010773096419,1,7.883926647596639,4,4,4,4.0,4
82,2024,west,1,1,14,57,56214.60543476947,0.23271186563027033,3.005009230468626,0,1,6.534409567310149,7700.309951120693,0,7.057855705260929,4,4,4,3.0,3
82,2025,west,1,1,14,58,58775.923980229716,0.23271186563027033,4.5952941800587634,0,1,4.080337193619661,7014.692679717792,1,10.0,6,5,2,4.0,2
83,2018,east,1,0,17,31,45941.07908928036,0.7788946786928741,3.4694829190224996,0,0,5.8411693207479525,5318.865306914711,1,8.327844100120814,3,5,4,5.0,4
83,2019,east,1,0,17,32,59979.6273809309,0.7788946786928741,5.805334026940553,0,0,5.979910953164543,10291.879210366242,1,8.517891267623995,4,5,3,3.0,1
83,2020,east,1,0,17,33,44782.06175214558,0.7788946786928741,4.227391710106559,0,0,4.774723952094388,8731.91645401929,1,8.564224115992218,4,5,3,3.0,2
83,2021,east,1,0,17,34,66271.77404127335,0.7788946786928741,3.993132864990409,0,0,6.130363875053411,8344.794178986693,1,6.735168432566497,2,4,2,5.0,2
83,2022,east,1,0,17,35,,0.7788946786928741,5.081044793562912,0,1,4.650786600721138,6646.284069449207,1,9.47607696311289,3,5,4,3.0,4
83,2023,east,1,0,17,36,60057.02895134735,0.7788946786928741,4.800783395721901,0,1,2.3930045545243437,7816.71779783581,1,6.8407075781730295,1,4,3,4.0,2
83,2024,east,1,0,17,37,61336.384550028095,0.7788946786928741,4.4634852686444,0,1,5.770540263605894,8607.058368179805,1,9.574481162021856,3,5,5,3.0,3
83,2025,east,1,0,17,38,61185.91285079788,0.7788946786928741,4.252996034457593,0,1,3.434759674325363,8236.619358505686,1,7.809232828304778,4,4,3,3.0,5
84,2018,central,1,0,14,41,44682.214522327646,-1.5660636782113755,1.3464613692386873,0,0,6.660752456068742,4672.155028141901,1,8.293776875868339,2,5,3,5.0,3
84,2019,central,1,0,14,42,47151.576608234565,-1.5660636782113755,2.5047774349313854,0,0,7.86710240269154,4853.5565670738615,0,6.8454813182384395,4,4,4,4.0,2
84,2020,central,1,0,14,43,55728.44884806415,-1.5660636782113755,3.3918573324576013,0,0,5.988735004968754,6614.985129295486,1,7.172601931788777,3,4,4,3.0,2
84,2021,central,1,0,14,44,51011.809276318156,-1.5660636782113755,5.516478545546663,0,0,2.5109503375226243,9346.44760451847,1,8.030421473877212,3,5,2,4.0,4
84,2022,central,1,0,14,45,54828.3142271666,-1.5660636782113755,1.8668315102681943,0,1,2.909309523023105,6964.284513368517,1,7.776963028778392,7,4,3,3.0,4
84,2023,central,1,0,14,46,55694.40132184311,-1.5660636782113755,2.1455952129032507,0,1,3.789291194759107,5529.964149741164,1,7.8240706460035625,2,4,5,5.0,4
84,2024,central,1,0,14,47,54511.133296190936,-1.5660636782113755,2.5594945143495327,0,1,3.8743131708795033,8400.813749203948,1,10.0,3,5,3,2.0,3
84,2025,central,1,0,14,48,62508.66975983761,-1.5660636782113755,3.1914779631863546,0,1,6.200631773218206,7438.500536782099,1,6.982524734656668,1,4,3,5.0,4
85,2018,west,1,0,11,50,54602.491652538454,-0.5736928785300716,1.5972819684905815,0,0,3.176833656279093,3112.2176180775728,1,6.581095166706113,3,4,5,5.0,2
85,2019,west,1,0,11,51,51741.44384968714,-0.5736928785300716,1.6244202662382627,0,0,1.1904251304335178,3107.2299890997674,1,7.81367473302976,1,4,3,4.0,2
85,2020,west,1,0,11,52,59489.5371294998,-0.5736928785300716,2.94840589593485,0,0,2.1355377157891686,5565.560377860219,1,6.9846320207160995,2,4,2,4.0,2
85,2021,west,1,0,11,53,55127.02337038754,-0.5736928785300716,2.304504893825776,0,0,0.34135349990874353,5419.404752635998,0,7.863137843719418,3,4,2,3.0,2
85,2022,west,1,0,11,54,57437.55109255755,-0.5736928785300716,1.146795377836983,0,1,4.2814459039432595,3928.2164607001114,0,7.11822198172358,1,4,4,5.0,3
85,2023,west,1,0,11,55,54491.84887429383,-0.5736928785300716,3.018280805082996,0,1,-0.2581301338534958,5122.250878775226,0,6.787372762112227,2,4,3,4.0,5
85,2024,west,1,0,11,56,35052.57968648961,-0.5736928785300716,2.3203008102907585,0,1,2.6776359120600377,5085.316784038181,0,6.850412945513558,1,4,2,3.0,4
85,2025,west,1,0,11,57,60068.46192602733,-0.5736928785300716,2.361109582037532,0,1,1.0285262283400267,4493.310934727254,1,8.495593801473602,5,5,3,2.0,3
86,2018,east,1,1,12,49,44826.46232772312,-1.2848195150554953,1.2016651315947728,0,0,2.527671751995953,5972.8049747740815,0,7.036157786957075,3,4,2,3.0,3
86,2019,east,1,1,12,50,60288.33134332929,-1.2848195150554953,2.218156474567204,0,0,3.293922976104385,5306.918576590976,1,7.092819014246787,3,4,3,3.0,2
86,2020,east,1,1,12,51,49656.77285471958,-1.2848195150554953,3.506716863622716,0,0,3.6176801549284257,9193.039158175769,1,6.649713776091237,2,4,1,5.0,2
86,2021,east,1,1,12,52,49163.48992144918,-1.2848195150554953,0.7014896186456272,0,0,1.3785569462851115,2392.052725210842,0,5.751941109583837,4,3,3,4.0,2
86,2022,east,1,1,12,53,45003.15203786459,-1.2848195150554953,2.451115243514458,0,1,1.673967419169188,4065.554629758696,1,6.2729042337125795,3,3,3,3.0,4
86,2023,east,1,1,12,54,50613.91042000697,-1.2848195150554953,0.5104230940914622,0,1,2.82075294904568,5450.351830813631,1,7.26836554987495,5,4,3,3.0,3
86,2024,east,1,1,12,55,55634.13463980991,-1.2848195150554953,2.910566313074731,0,1,0.5198534254136269,4272.067057156197,0,7.770830769853448,2,4,3,3.0,4
86,2025,east,1,1,12,56,54721.58193258348,-1.2848195150554953,1.8007543931283965,0,1,4.386062994124295,2804.837316004167,1,7.064052755294315,3,4,3,3.0,4
87,2018,west,0,0,14,39,55612.00322782096,0.7329977928609431,2.481925687369483,0,0,3.289775108195847,4717.463645259076,1,7.76941683002266,3,4,3,2.0,4
87,2019,west,0,0,14,40,56395.562617193544,0.7329977928609431,5.765087177107947,0,0,4.386626113455014,6829.1267773150585,0,9.005711840783897,4,5,2,4.0,3
87,2020,west,0,0,14,41,49293.24560327284,0.7329977928609431,4.685113833774813,0,0,3.64987271582097,13081.978523448643,1,7.737191945285345,6,4,4,5.0,3
87,2021,west,0,0,14,42,49020.6919112558,0.7329977928609431,4.443106925925552,0,0,1.693722110840807,7087.122796492577,1,7.961087883928226,2,4,3,3.0,4
87,2022,west,0,0,14,43,56577.834726398556,0.7329977928609431,2.4880739546258552,0,1,5.611855571516729,7281.421327623375,1,7.616038954586976,1,4,4,4.0,3
87,2023,west,0,0,14,44,57930.882676279885,0.7329977928609431,3.171085243488202,0,1,4.710115986909951,5241.467125637558,1,9.027650591787191,4,5,4,3.0,4
87,2024,west,0,0,14,45,50605.584972594304,0.7329977928609431,3.9597752171554363,0,1,1.1788435669186041,7789.019122967012,1,8.17188638683249,2,5,3,4.0,3
87,2025,west,0,0,14,46,52438.678292670644,0.7329977928609431,3.4224095787735407,0,1,2.135062900499362,8915.712497281573,1,6.569555256139623,2,4,4,5.0,4
88,2018,central,1,0,15,27,41452.82826665034,0.004123934801811881,4.158081058917108,0,0,4.809190920156023,4656.541943391102,1,,0,4,2,4.0,4
88,2019,central,1,0,15,28,55820.05279215293,0.004123934801811881,3.0321763650648546,0,0,5.823315533583642,7225.964585579122,1,8.646774899729087,1,5,3,3.0,3
88,2020,central,1,0,15,29,47569.608272404206,0.004123934801811881,5.606862237534011,0,0,4.192517340865686,8230.401920718232,1,8.971673635604855,1,5,3,3.0,3
88,2021,central,1,0,15,30,48490.49752276871,0.004123934801811881,5.284379765243582,0,0,4.395814226650945,9141.363878713633,1,7.707803847318625,4,4,2,3.0,1
88,2022,central,1,0,15,31,52551.73100312652,0.004123934801811881,5.507154218070845,0,1,5.903038215361052,8193.644224364709,1,8.523031307622555,3,5,3,4.0,4
88,2023,central,1,0,15,32,50843.4448154552,0.004123934801811881,4.306865175744689,0,1,5.126624288371334,6571.572966667826,1,9.464257394900912,3,5,3,5.0,3
88,2024,central,1,0,15,33,62692.62351023361,0.004123934801811881,4.296238241899412,0,1,5.627223271743171,11092.163897590084,1,9.862758237125727,0,5,4,3.0,3
88,2025,central,1,0,15,34,54238.79903243042,0.004123934801811881,5.0452292149831415,0,1,8.42101393273304,9250.145767687913,0,,0,4,3,4.0,3
89,2018,central,0,1,15,43,58383.86179172651,0.5889784866324334,3.9410658034290345,0,0,0.6418916001831985,5238.92311638951,1,6.789994343985486,0,4,2,3.0,3
89,2019,central,0,1,15,44,58372.10769667982,0.5889784866324334,4.968527983717562,0,0,2.660535499210605,8189.8311522479,0,8.643296649210683,5,5,3,4.0,3
89,2020,central,0,1,15,45,63213.022737337305,0.5889784866324334,4.9344843535128975,0,0,4.941387524445017,6454.982948719629,1,5.67144784605933,2,3,4,3.0,3
89,2021,central,0,1,15,46,42396.6448325569,0.5889784866324334,4.551504486792313,0,0,4.502904326639989,5911.568448990336,1,6.957603967518736,2,4,3,3.0,2
89,2022,central,0,1,15,47,56034.03811665061,0.5889784866324334,4.343484212919505,0,1,5.038824916823888,4976.828549173672,1,6.478697246252451,3,3,5,3.0,2
89,2023,central,0,1,15,48,51174.98527907761,0.5889784866324334,4.535351893361943,0,1,5.2028173995390805,9217.246643098099,1,7.804813080914773,5,4,3,3.0,3
89,2024,central,0,1,15,49,53627.743186233754,0.5889784866324334,4.476095987190283,0,1,4.606298917644321,6666.329421280297,1,8.552043042336186,2,5,3,4.0,3
89,2025,central,0,1,15,50,44020.54182138908,0.5889784866324334,1.7838616323390553,0,1,2.8932108610209735,5182.52929967783,1,7.645160101327845,3,4,3,3.0,2
90,2018,west,0,1,11,39,33488.2532205422,0.23913664541098936,4.41833594489238,0,0,3.444912006395912,6136.107610875943,1,5.686065858018875,2,3,2,4.0,4
90,2019,west,0,1,11,40,41690.67458511183,0.23913664541098936,3.644454752316547,0,0,5.481849680947545,5361.780888224461,1,6.609768002572717,2,4,3,3.0,4
90,2020,west,0,1,11,41,46227.1024434631,0.23913664541098936,3.78328479949795,0,0,3.923107008684108,6717.857356023385,1,8.207161183722938,2,5,2,4.0,2
90,2021,west,0,1,11,42,52511.281096895014,0.23913664541098936,3.001466952414307,0,0,4.979443358237101,4069.3455179188286,1,7.617023654294073,2,4,1,1.0,3
90,2022,west,0,1,11,43,45004.85368165223,0.23913664541098936,4.51237688325859,0,1,5.0924739326002655,6735.3749601478075,1,7.272600763900206,2,4,4,2.0,3
90,2023,west,0,1,11,44,53313.89281240196,0.23913664541098936,3.41701736791692,0,1,3.208584450089876,3454.3190505184098,0,6.5580683612762325,3,4,3,2.0,4
90,2024,west,0,1,11,45,36564.11412951108,0.23913664541098936,2.800137974300993,0,1,4.222972814687659,4994.937857229804,1,6.143615939770939,4,3,1,4.0,4
90,2025,west,0,1,11,46,49411.821500770326,0.23913664541098936,3.419101145421516,0,1,2.1850516262484,6057.7599522920655,0,9.36085479516792,1,5,2,3.0,3
91,2018,north,0,1,11,25,48862.32090265736,-0.8043309993833356,2.5513254548497932,0,0,4.027985313427124,5467.642376182529,0,5.808106226227913,2,3,2,4.0,4
91,2019,north,0,1,11,26,35724.29818280822,-0.8043309993833356,1.870129492250253,0,0,2.39614409693685,3154.7247704106658,0,8.402084365058263,0,5,5,4.0,3
91,2020,north,0,1,11,27,44193.87163810489,-0.8043309993833356,3.8567929736902995,0,0,3.732355312598998,5770.6858538669,0,6.610270033365515,3,4,3,3.0,3
91,2021,north,0,1,11,28,37809.152070400654,-0.8043309993833356,2.162835957005119,0,0,2.3645881663647756,3295.5675841550997,0,,4,5,3,3.0,3
91,2022,north,0,1,11,29,41173.43708474583,-0.8043309993833356,2.7376781958257306,0,1,4.523004898563526,6264.921743300622,1,6.581854978269974,2,4,3,4.0,3
91,2023,north,0,1,11,30,46049.944513371396,-0.8043309993833356,2.2163425446683163,0,1,2.929383882982332,4050.3883759558717,1,7.085267322695642,1,4,3,4.0,4
91,2024,north,0,1,11,31,44468.84340669459,-0.8043309993833356,1.1115681294531568,0,1,4.047852218662513,3637.366218766515,0,6.280390356006438,2,3,5,4.0,3
91,2025,north,0,1,11,32,34632.256877380074,-0.8043309993833356,2.894098428705035,0,1,3.0699927861125804,3244.062373759216,1,8.976669514073995,3,5,3,3.0,2
92,2018,south,1,0,14,39,46352.062294399606,-0.4087023976050609,2.797962012202534,0,0,8.394625122688566,5105.381055332076,1,10.0,3,5,3,3.0,4
92,2019,south,1,0,14,40,42206.314466895245,-0.4087023976050609,3.8022404153331486,0,0,4.118139915172023,6686.709240374558,0,9.498735576621534,3,5,4,3.0,3
92,2020,south,1,0,14,41,57214.94637087432,-0.4087023976050609,3.16341754441867,0,0,5.974366134068299,4888.92075947652,0,7.644000895522626,3,4,2,3.0,3
92,2021,south,1,0,14,42,49729.789261282036,-0.4087023976050609,3.453121487525175,0,0,5.327778420337856,5361.477987544272,1,8.541098305995744,4,5,3,4.0,4
92,2022,south,1,0,14,43,56504.3646211803,-0.4087023976050609,2.64249088177855,0,1,6.903354021641632,6771.917789272366,1,8.010217832687356,1,5,3,1.0,5
92,2023,south,1,0,14,44,,-0.4087023976050609,2.7382909591340074,0,1,4.723144230528814,8343.090535079677,1,9.326244776832894,4,5,3,3.0,4
92,2024,south,1,0,14,45,58607.56228413049,-0.4087023976050609,3.812460550562203,0,1,2.075341949075132,5886.528590168457,1,9.085085784947339,1,5,4,,2
92,2025,south,1,0,14,46,57350.71680481635,-0.4087023976050609,5.239864904335878,0,1,4.357551950203951,7427.570912711447,0,8.332979283981341,4,5,3,1.0,1
93,2018,north,0,1,15,22,44408.66430843014,-1.1266818955023556,1.5286964560576324,0,0,4.448664049405407,4522.808285220282,1,5.325805787437394,3,3,3,4.0,3
93,2019,north,0,1,15,23,37955.51318044668,-1.1266818955023556,3.8541912070781263,0,0,-0.023898904176713476,4511.2709455419845,1,7.334425461742598,1,4,5,4.0,4
93,2020,north,0,1,15,24,46305.81303060517,-1.1266818955023556,4.3084998594046455,0,0,2.049223262135941,5574.356948625379,0,6.2741307595693865,1,3,3,4.0,2
93,2021,north,0,1,15,25,37476.86874368741,-1.1266818955023556,4.700246635442887,0,0,2.9063706028180905,6959.430319944838,1,6.582424586398779,1,4,4,4.0,3
93,2022,north,0,1,15,26,42661.82003694774,-1.1266818955023556,2.4811517253753523,0,1,2.5630003512785255,5350.0417764808535,0,7.092791714164402,2,4,4,2.0,4
93,2023,north,0,1,15,27,53690.542725177984,-1.1266818955023556,3.3089924420732264,0,1,6.259509068059413,5345.86006635941,1,8.698305831974128,1,5,4,3.0,4
93,2024,north,0,1,15,28,48185.34460994427,-1.1266818955023556,3.4401082437628,0,1,2.919825401081721,3937.2868896589252,1,6.944554884667924,3,4,3,3.0,4
93,2025,north,0,1,15,29,40435.16068670551,-1.1266818955023556,4.146470116587583,0,1,4.234553092649277,5699.933938937899,0,5.382699786533861,2,3,2,2.0,3
94,2018,east,0,1,19,33,54133.810184505375,0.9694568276510509,5.793908456395173,0,0,3.6017023425894745,8456.225915076675,0,7.790200343626711,1,4,3,3.0,1
94,2019,east,0,1,19,34,46743.14700510732,0.9694568276510509,5.717125578475378,0,0,3.3256202602996456,13526.226019951144,1,7.2055534928510045,1,4,4,2.0,4
94,2020,east,0,1,19,35,50198.952791629315,0.9694568276510509,5.982987967366797,0,0,5.677885262522177,13670.46976115394,0,7.326781357290324,1,4,2,2.0,4
94,2021,east,0,1,19,36,50946.78230220064,0.9694568276510509,5.4437387839951015,0,0,4.511321000915926,8638.420831422316,1,8.621624792785957,1,5,4,2.0,3
94,2022,east,0,1,19,37,61716.601009109625,0.9694568276510509,6.057768378888684,0,1,4.1128878213015705,9771.796166867513,0,8.347007777894882,3,5,1,3.0,4
94,2023,east,0,1,19,38,,0.9694568276510509,5.618395159364055,0,1,0.8370928456532178,8563.563753591417,1,9.556659791937703,2,5,3,5.0,2
94,2024,east,0,1,19,39,63998.77757401826,0.9694568276510509,4.581309883948492,0,1,3.5210736042327824,9158.687546527644,0,7.798217495462597,1,4,2,4.0,3
94,2025,east,0,1,19,40,61160.4653315417,0.9694568276510509,3.6924759882289546,0,1,4.062218675681253,8079.18539906098,1,10.0,4,5,4,2.0,4
95,2018,north,1,0,15,25,40784.162118606066,1.0809010670215513,4.8431451113255255,0,0,3.4760784752430727,5381.940240176131,1,6.139479247924987,3,3,5,3.0,3
95,2019,north,1,0,15,26,44118.513449133374,1.0809010670215513,7.487336561531039,0,0,4.779536635117541,9692.13276251058,0,8.86238463912201,1,5,3,3.0,2
95,2020,north,1,0,15,27,48908.54239951485,1.0809010670215513,4.932851333834052,0,0,5.752080018377294,7966.567143709124,1,10.0,2,5,4,2.0,2
95,2021,north,1,0,15,28,54040.786652374525,1.0809010670215513,3.33264967687204,0,0,1.9329928652184325,3441.6983706693145,0,9.941122967106814,0,5,4,3.0,3
95,2022,north,1,0,15,29,46577.24851526156,1.0809010670215513,4.188526679018605,0,1,3.8193805781091963,7462.992827070933,1,8.175831674766208,3,5,3,,3
95,2023,north,1,0,15,30,55852.563285556564,1.0809010670215513,4.243802910276661,0,1,5.306433240512908,5792.594866103583,1,9.235159154065851,2,5,3,2.0,3
95,2024,north,1,0,15,31,48080.19190261278,1.0809010670215513,4.259285877805314,0,1,3.9332777586354677,5153.211986639857,1,8.07007938324882,2,5,3,5.0,4
95,2025,north,1,0,15,32,59942.542678276644,1.0809010670215513,5.260837241387175,0,1,5.0604236324145395,6505.319235400287,1,8.257373448798605,3,5,3,4.0,2
96,2018,west,0,0,18,37,47618.32226610839,-0.43895551987809567,3.692577269334912,0,0,2.2597997125789373,6570.16559197017,0,6.3268125714547265,2,3,2,3.0,4
96,2019,west,0,0,18,38,57561.07877775292,-0.43895551987809567,5.4772603641290125,0,0,3.834070841726851,8148.594679514145,1,8.367837477108335,4,5,2,5.0,2
96,2020,west,0,0,18,39,54016.43038285328,-0.43895551987809567,4.044661998097885,0,0,0.8131927475391545,5144.366128992098,0,9.336337827000158,1,5,3,3.0,2
96,2021,west,0,0,18,40,67105.91448928192,-0.43895551987809567,3.6841466828646685,0,0,4.3225195747807215,7487.516946222916,0,9.07015292365242,4,5,4,4.0,4
96,2022,west,0,0,18,41,62161.84550909018,-0.43895551987809567,3.3845698138657014,0,1,3.7795380674318935,7192.991042430548,1,9.87125807414896,2,5,2,5.0,2
96,2023,west,0,0,18,42,60369.112557172375,-0.43895551987809567,4.225275516184672,0,1,4.473940632654765,6029.0290866992145,1,8.607743086761015,0,5,1,3.0,4
96,2024,west,0,0,18,43,68298.62661321819,-0.43895551987809567,3.042145290606612,0,1,5.522794402034159,9190.98259922385,1,10.0,2,5,4,5.0,4
96,2025,west,0,0,18,44,63944.40106831322,-0.43895551987809567,5.11151066148814,0,1,3.9794227144626286,6849.802123803203,1,7.119437414508219,1,4,2,4.0,3
97,2018,west,0,0,16,39,49685.794921479814,-1.530741698459212,1.647784657766164,0,0,0.6519808255458504,4145.547234341528,1,6.654708696336939,1,4,3,5.0,4
97,2019,west,0,0,16,40,60505.43743871037,-1.530741698459212,2.4442720763793826,0,0,4.008144164567423,5183.720338580483,1,7.737121842700925,0,4,3,2.0,4
97,2020,west,0,0,16,41,52481.895148094394,-1.530741698459212,3.530039904194422,0,0,0.4697196677582456,7681.988065966039,1,7.775419180033949,2,4,4,4.0,2
97,2021,west,0,0,16,42,63058.125301118314,-1.530741698459212,3.6981482360513604,0,0,1.1772411174426118,5513.963114984351,1,8.716575115583758,2,5,3,3.0,3
97,2022,west,0,0,16,43,59756.62576868335,-1.530741698459212,2.4585854691570015,0,1,1.088084846725719,5383.075409125159,1,7.352723622674116,3,4,3,5.0,3
97,2023,west,0,0,16,44,58412.90233783133,-1.530741698459212,2.6864114631249345,0,1,0.3201926246361031,5885.00183457797,1,7.196956566475732,3,4,4,3.0,4
97,2024,west,0,0,16,45,62511.98610739207,-1.530741698459212,2.7482450374934615,0,1,1.145344299876613,5555.204257621006,1,8.581712354785184,1,5,3,3.0,3
97,2025,west,0,0,16,46,56355.6926563623,-1.530741698459212,3.293482374550804,0,1,2.1899621249121517,5731.950064659349,1,6.114419649429468,5,3,5,2.0,2
98,2018,west,0,0,15,25,43512.66895312826,-0.014542618408430316,3.8561530831424355,0,0,5.552980776167484,6125.36841618499,0,6.711865864975592,1,4,3,4.0,3
98,2019,west,0,0,15,26,46940.79850405349,-0.014542618408430316,4.93086087175391,0,0,3.454413633654872,9092.237884981781,1,8.53450708616879,3,5,4,5.0,4
98,2020,west,0,0,15,27,49606.66121149398,-0.014542618408430316,3.701729149645881,0,0,4.046686959203231,6203.644416358809,1,7.898034401277747,3,4,3,3.0,3
98,2021,west,0,0,15,28,51417.311429341105,-0.014542618408430316,2.0661648320024355,0,0,2.760925340775703,5622.4908598079,1,7.251042235254817,0,4,3,3.0,5
98,2022,west,0,0,15,29,45753.192022980984,-0.014542618408430316,3.4578170957693395,0,1,3.9965362421517536,6423.917504934847,1,6.4737666041728374,0,3,5,4.0,3
98,2023,west,0,0,15,30,41957.7602495093,-0.014542618408430316,4.539253508229142,0,1,3.4189903799109445,7195.666438161082,0,8.3647311531058,3,5,3,3.0,2
98,2024,west,0,0,15,31,49471.886048271466,-0.014542618408430316,4.894860632395431,0,1,5.257731813145857,7059.531270985715,0,9.65865381647639,2,5,4,4.0,4
98,2025,west,0,0,15,32,42757.78409436417,-0.014542618408430316,4.472598304046346,0,1,5.319702988898155,8691.70216309743,1,,1,5,2,4.0,3
99,2018,east,0,0,14,25,54586.480366124924,-0.540745855992576,3.0511671147581065,0,0,4.117877300519797,4878.472696485851,1,8.131436762629232,3,5,3,,3
99,2019,east,0,0,14,26,39975.785504445535,-0.540745855992576,2.023108886348604,0,0,4.4342786689762965,4092.792648020496,0,6.758795728978033,2,4,3,3.0,4
99,2020,east,0,0,14,27,43187.705318719876,-0.540745855992576,4.950627299696908,0,0,3.005851404935348,11294.59470329985,1,6.128650625869478,2,3,3,3.0,2
99,2021,east,0,0,14,28,39032.10592066858,-0.540745855992576,3.1010323175317565,0,0,3.7581715597027103,4950.782942771759,0,6.883960507493048,2,4,4,3.0,1
99,2022,east,0,0,14,29,42132.633816888796,-0.540745855992576,3.244932212106363,0,1,4.474987830637121,6440.271556617696,0,6.810955021333789,0,4,3,5.0,4
99,2023,east,0,0,14,30,54588.75044688668,-0.540745855992576,3.391956845744694,0,1,6.129910199502715,5661.9427192425355,0,8.829124095726357,1,5,3,5.0,2
99,2024,east,0,0,14,31,49945.620128972136,-0.540745855992576,2.689269022214749,0,1,2.1736331575541366,4119.3911783175745,1,6.292588910818905,1,3,2,3.0,4
99,2025,east,0,0,14,32,55806.937502645305,-0.540745855992576,3.5977892317412827,0,1,3.0397958324814307,10293.759035284551,1,7.57577549876101,0,4,2,4.0,2
100,2018,south,1,1,9,35,41647.61897255068,1.6568407010015553,2.849619035261436,0,0,2.1892383960862967,3342.843795770988,1,8.879088782982363,5,5,4,5.0,3
100,2019,south,1,1,9,36,57694.28671914838,1.6568407010015553,3.292479906509778,0,0,2.794548923501007,5527.410055105435,0,5.477184242718132,1,3,3,2.0,3
100,2020,south,1,1,9,37,47053.5478430386,1.6568407010015553,4.425551676833849,0,0,3.279486365738889,5070.425115466712,0,7.307233627340313,1,4,4,3.0,3
100,2021,south,1,1,9,38,40249.065469517045,1.6568407010015553,2.024221087661819,0,0,4.009203840629134,2582.436723565437,0,7.448191026668011,1,4,5,2.0,2
100,2022,south,1,1,9,39,46812.38528078216,1.6568407010015553,3.6271982998596273,0,1,1.769841173533909,3653.0571465012413,1,7.517084419799357,2,4,4,2.0,2
100,2023,south,1,1,9,40,50521.21855858039,1.6568407010015553,2.6124399397815337,0,1,2.3924616315557947,4003.794127946691,1,8.624769708501258,4,5,3,5.0,3
100,2024,south,1,1,9,41,45029.199048560506,1.6568407010015553,3.656575688854054,0,1,5.3641034086145885,6264.997567569807,0,5.814587482349945,0,3,3,5.0,3
100,2025,south,1,1,9,42,41241.94459659674,1.6568407010015553,4.716461804147844,0,1,5.177789395331576,5721.738892714744,0,6.439576706615284,3,3,4,2.0,3
101,2018,north,1,0,17,34,61338.495935291925,1.0358182089311498,4.930196065549283,0,0,3.836625967771816,6582.552956178245,1,9.002350370506678,5,5,4,3.0,3
101,2019,north,1,0,17,35,55739.19822117289,1.0358182089311498,5.316815227278887,0,0,1.5919505688041884,8263.748445986139,0,6.980074008845592,2,4,3,4.0,3
101,2020,north,1,0,17,36,62605.79016316803,1.0358182089311498,4.623486745168721,0,0,3.817284161629016,7476.853283040683,1,9.248142492766318,3,5,4,3.0,3
101,2021,north,1,0,17,37,,1.0358182089311498,5.592324537816722,0,0,1.0891884803448408,5817.855662145299,1,8.861758453888179,1,5,4,4.0,4
101,2022,north,1,0,17,38,56068.437997486806,1.0358182089311498,6.539613319761927,0,1,2.453260351119433,8360.401176485839,1,8.93284759711551,3,5,2,3.0,2
101,2023,north,1,0,17,39,62672.863814423545,1.0358182089311498,6.013839214488703,0,1,3.2111624475327245,8412.401279941683,1,10.0,0,5,5,5.0,3
101,2024,north,1,0,17,40,64064.95295517227,1.0358182089311498,4.399508132530457,0,1,2.68109029916445,5608.114277085491,1,6.812599394006034,0,4,3,2.0,2
101,2025,north,1,0,17,41,60265.48557160629,1.0358182089311498,6.668372249582644,0,1,3.5131075124352953,9629.820920596558,1,7.340233657197587,0,4,3,2.0,3
102,2018,east,1,1,10,23,44144.135703829605,-0.9352935129538581,1.7826228082968654,0,0,2.7326518130023576,1979.2089074018845,1,6.653828767713907,1,4,4,3.0,3
102,2019,east,1,1,10,24,32951.79104459532,-0.9352935129538581,1.367546147578611,0,0,1.5068783575039126,2574.8608994726255,0,7.02591863278562,2,4,1,3.0,3
102,2020,east,1,1,10,25,42418.36397968636,-0.9352935129538581,2.989895721059051,0,0,1.8786204881903616,3056.3716865874344,0,5.9601591844738815,1,3,4,2.0,2
102,2021,east,1,1,10,26,44421.00402393094,-0.9352935129538581,3.397452626937755,0,0,3.7334628443906026,2953.4923775609223,0,8.47923817324885,3,5,5,3.0,3
102,2022,east,1,1,10,27,35183.14547234478,-0.9352935129538581,1.8855349200573814,0,1,2.5225104623192425,2858.730600202477,0,8.608579121493396,0,5,2,4.0,2
102,2023,east,1,1,10,28,42841.82074343238,-0.9352935129538581,1.8817409393759283,0,1,2.0181802020764743,2552.556040416942,1,8.649390365455448,1,5,4,2.0,3
102,2024,east,1,1,10,29,27913.863158669723,-0.9352935129538581,0.8321030410700122,0,1,3.5276848369049225,1408.1771294494176,0,6.953991801911725,1,4,3,4.0,3
102,2025,east,1,1,10,30,36643.30769180363,-0.9352935129538581,3.493126364242072,0,1,3.0981489375980273,2873.3513172123594,1,6.788427023139704,1,4,4,4.0,4
103,2018,west,0,0,12,23,40448.90780315112,-0.37080347757282495,2.161613636444791,0,0,2.605888273141309,4128.56108139063,0,8.0023727270485,1,5,3,4.0,2
103,2019,west,0,0,12,24,47095.07251035838,-0.37080347757282495,4.560026601332701,0,0,5.3510448669455535,6878.039486941409,0,7.229699768392459,1,4,1,,1
103,2020,west,0,0,12,25,34989.27056899866,-0.37080347757282495,2.7653182976847805,0,0,3.855031306585153,4339.727522300148,1,6.537130295481148,1,4,5,2.0,2
103,2021,west,0,0,12,26,33105.91507000503,-0.37080347757282495,2.2704862986414494,0,0,3.480078675754129,4445.799758662721,0,10.0,1,5,4,4.0,4
103,2022,west,0,0,12,27,40690.61386567736,-0.37080347757282495,3.273568669806434,0,1,-0.12463176893083938,4505.634945220676,1,6.963046276624627,0,4,4,4.0,2
103,2023,west,0,0,12,28,48295.42967679116,-0.37080347757282495,1.2877862079994762,0,1,3.4999925076411422,2430.4515745735125,0,7.988552675485485,2,4,3,4.0,4
103,2024,west,0,0,12,29,58285.673530937784,-0.37080347757282495,0.5712442452595634,0,1,2.2719743798901915,3173.541465296126,1,8.487301070961587,2,5,4,3.0,3
103,2025,west,0,0,12,30,39336.71163900514,-0.37080347757282495,3.210417621304226,0,1,2.989257088622098,3571.974868581027,0,6.857829119331955,1,4,3,3.0,3
104,2018,north,1,0,17,32,64464.162704806935,-0.22194147889819593,4.044128167657974,0,0,6.2651555239112415,7569.213164942235,1,8.567757301307715,1,5,3,3.0,4
104,2019,north,1,0,17,33,46498.67794435975,-0.22194147889819593,4.345476711710874,0,0,4.216521287129832,7411.19365399655,1,8.232581561316282,2,5,4,2.0,4
104,2020,north,1,0,17,34,52273.443398481104,-0.22194147889819593,4.3516765363807055,0,0,5.2502000178823,11053.064575060207,1,8.494173670129971,2,5,2,3.0,5
104,2021,north,1,0,17,35,51478.93777460869,-0.22194147889819593,3.4851041021471336,0,0,1.4695542581337921,7611.36472888883,1,7.304575116358223,1,4,4,4.0,3
104,2022,north,1,0,17,36,64668.7604480141,-0.22194147889819593,3.0187229096440666,0,1,2.615206891739736,8285.175345061363,1,9.348326194713167,1,5,3,5.0,2
104,2023,north,1,0,17,37,55716.4593511122,-0.22194147889819593,4.158485969506167,0,1,5.965324082976677,7825.954817264778,0,7.430323114228114,3,4,3,4.0,3
104,2024,north,1,0,17,38,50294.73818978437,-0.22194147889819593,4.447449178922994,0,1,6.103819656705427,6597.5565313506395,1,8.720719396914962,3,5,2,4.0,3
104,2025,north,1,0,17,39,60794.64269004924,-0.22194147889819593,4.193671283866651,0,1,7.1568038610976,9053.925544225653,1,8.16176135390154,0,5,4,,3
105,2018,north,0,0,19,22,50719.24975856214,0.10821268374936961,7.756564541085602,0,0,4.062630379229591,10364.355751498559,0,8.373765549447487,2,5,4,3.0,2
105,2019,north,0,0,19,23,52664.00506449645,0.10821268374936961,5.406101698668448,0,0,4.942408950488012,5851.559321280818,1,8.470623252976099,1,5,5,3.0,2
105,2020,north,0,0,19,24,55263.33990871882,0.10821268374936961,6.351154116327252,0,0,4.3493946243718975,11233.129150628432,1,9.497146266640081,0,5,2,4.0,4
105,2021,north,0,0,19,25,37933.736213459335,0.10821268374936961,3.178472624500854,0,0,3.0099598914429797,5810.386236095761,1,7.752868451607413,4,4,3,4.0,4
105,2022,north,0,0,19,26,71258.87148872705,0.10821268374936961,3.4176273986224954,0,1,3.7131451147376127,7147.045876501129,1,9.655956315086138,1,5,1,3.0,4
105,2023,north,0,0,19,27,56394.97427278233,0.10821268374936961,4.502049212531162,0,1,5.95441853032402,8798.677581574098,1,8.231251756465122,2,5,3,3.0,3
105,2024,north,0,0,19,28,51031.69643580564,0.10821268374936961,3.2370683078461577,0,1,6.191327385777065,8939.661918715192,1,7.874602432132649,0,4,2,3.0,3
105,2025,north,0,0,19,29,53497.87742042518,0.10821268374936961,4.847217471147018,0,1,5.105147819659445,8986.925920970836,1,7.019612538384029,1,4,2,3.0,4
106,2018,east,1,0,15,23,40764.69230669969,0.24917559646770387,3.2887195646021863,0,0,4.613530762531418,3003.8681962135474,0,8.619841954115437,1,5,4,3.0,3
106,2019,east,1,0,15,24,56034.77622903294,0.24917559646770387,6.156593312885015,0,0,2.5370976348448044,4592.62323788772,0,7.605308764824892,4,4,3,4.0,3
106,2020,east,1,0,15,25,41292.962723660436,0.24917559646770387,5.334781844362503,0,0,4.490680918933863,6743.642455348315,1,7.9345646857883585,0,4,4,4.0,3
106,2021,east,1,0,15,26,51233.33015846554,0.24917559646770387,4.694374123277587,0,0,3.161261243046055,4421.958711435591,1,,1,3,2,3.0,5
106,2022,east,1,0,15,27,45581.96837160854,0.24917559646770387,2.621575744199361,0,1,6.798780366605023,5436.908234545046,0,7.106210767817254,1,4,3,3.0,2
106,2023,east,1,0,15,28,57779.19706312707,0.24917559646770387,2.6894625509927916,0,1,2.8197560650143805,4655.881223203568,1,8.4493427640219,2,5,3,3.0,4
106,2024,east,1,0,15,29,49715.770060300834,0.24917559646770387,4.085469757703853,0,1,2.9003346641549905,3803.9588478051674,0,9.836665375652544,1,5,3,4.0,3
106,2025,east,1,0,15,30,53314.35289679457,0.24917559646770387,3.511381213740574,0,1,2.119306316718175,5244.6687291684975,1,7.173850129421759,4,4,2,4.0,3
107,2018,west,0,0,12,53,41648.23554192966,-0.23379123321164677,3.834484317298801,0,0,8.393578585891898,6826.7872337871395,0,6.655293562825666,5,4,1,3.0,3
107,2019,west,0,0,12,54,43253.29979714316,-0.23379123321164677,2.4921139431426966,0,0,5.415396220716834,5451.765428280333,0,7.144039839122942,2,4,2,3.0,2
107,2020,west,0,0,12,55,48722.63551291958,-0.23379123321164677,3.841717114361199,0,0,5.675361537903812,7149.943151459294,1,6.2823784779980825,2,3,5,4.0,4
107,2021,west,0,0,12,56,58560.05283666556,-0.23379123321164677,5.120001104505283,0,0,5.08168422195611,11999.795263770111,1,8.043884571737442,4,5,3,4.0,2
107,2022,west,0,0,12,57,54829.451064228066,-0.23379123321164677,5.31956260932143,0,1,6.911928971397699,10086.295179182802,1,7.113163906981813,4,4,3,4.0,2
107,2023,west,0,0,12,58,53960.80828507442,-0.23379123321164677,3.9671068039698127,0,1,7.259698699160759,7255.326510291265,1,9.062447425392456,3,5,4,3.0,3
107,2024,west,0,0,12,59,49875.13836814285,-0.23379123321164677,1.446547574946366,0,1,7.829222008645372,6845.951585096287,1,9.806257647196933,4,5,3,4.0,3
107,2025,west,0,0,12,60,55362.3865446235,-0.23379123321164677,0.7940633193399651,0,1,5.635743205432857,5012.505886651499,1,7.089381871019395,2,4,3,3.0,3
108,2018,north,0,0,16,50,62868.53983228713,-1.7977475086283263,2.239542836144424,0,0,6.968281133757327,4852.904211632101,1,8.301637268611502,4,5,4,4.0,4
108,2019,north,0,0,16,51,64259.388724657576,-1.7977475086283263,3.3175229901828467,0,0,6.882691409332503,8188.961517210512,1,9.126688481804901,1,5,4,3.0,3
108,2020,north,0,0,16,52,59537.750470734805,-1.7977475086283263,3.8889368212615945,0,0,1.9776599146301486,9722.729775988942,0,10.0,0,5,4,3.0,3
108,2021,north,0,0,16,53,56291.67751943445,-1.7977475086283263,4.223572240814885,0,0,4.758311869874707,15003.889168120644,0,7.183096006776183,1,4,3,3.0,2
108,2022,north,0,0,16,54,61984.670623974904,-1.7977475086283263,1.6227517228882515,0,1,7.818793279778388,16568.274245038534,1,9.173947583894762,4,5,3,3.0,2
108,2023,north,0,0,16,55,59348.86984247927,-1.7977475086283263,5.003341220116436,0,1,3.7501123582066347,11899.931198333676,1,7.109142505973891,0,4,4,3.0,4
108,2024,north,0,0,16,56,62419.78433389277,-1.7977475086283263,1.4881681573882986,0,1,3.727409590553936,5796.51470581292,1,10.0,1,5,3,3.0,3
108,2025,north,0,0,16,57,72596.06034108326,-1.7977475086283263,3.281701907639079,0,1,5.899646538120747,13676.247063977638,0,9.189253771684733,1,5,4,3.0,2
109,2018,west,0,1,14,24,46072.110890879,0.25001823430555287,1.9651814292476166,0,0,2.4053060203880516,3784.3535182115124,1,7.020748821298367,1,4,2,3.0,4
109,2019,west,0,1,14,25,41515.66419833984,0.25001823430555287,4.179187799600752,0,0,4.09233818340369,6070.737257153689,0,7.321518397812714,3,4,3,3.0,4
109,2020,west,0,1,14,26,52351.05592351544,0.25001823430555287,3.09273280355882,0,0,2.616840058787251,4234.662614947619,1,9.031492299605699,0,5,5,3.0,3
109,2021,west,0,1,14,27,43038.36899496151,0.25001823430555287,3.0034372725485987,0,0,1.9644722245752984,4264.023467223003,1,7.861087254440459,1,4,1,3.0,3
109,2022,west,0,1,14,28,39427.18846807476,0.25001823430555287,4.265707389381181,0,1,4.035260582354907,4574.58970363642,0,7.200856081261386,2,4,4,3.0,3
109,2023,west,0,1,14,29,54306.998605814486,0.25001823430555287,3.0653781776542575,0,1,4.816891809251428,4296.0103295751405,0,7.105050912576366,3,4,2,3.0,2
109,2024,west,0,1,14,30,46573.00229923842,0.25001823430555287,4.800608718628853,0,1,5.201968536217706,5074.624702062368,1,8.021137816926199,3,5,5,3.0,4
109,2025,west,0,1,14,31,44300.94962441206,0.25001823430555287,3.9324567884316024,0,1,5.069227341799364,4816.411179090238,0,7.8906233646549575,2,4,3,4.0,1
110,2018,west,1,1,13,50,59662.2402212174,1.423036824514413,4.02747964580293,0,0,1.7947002930719993,4865.290355515149,0,8.22069958204434,3,5,2,3.0,2
110,2019,west,1,1,13,51,56714.332226375096,1.423036824514413,4.258855901293504,0,0,1.368211433989651,6371.153406219879,0,10.0,7,5,4,3.0,4
110,2020,west,1,1,13,52,47531.252625250454,1.423036824514413,2.7924557346702006,0,0,4.160124577037969,4710.041160691032,1,8.049787068770538,4,5,5,5.0,3
110,2021,west,1,1,13,53,43009.821603999175,1.423036824514413,3.1700722503820913,0,0,4.054724316703025,4560.092081793781,1,6.68876016772739,4,4,2,3.0,5
110,2022,west,1,1,13,54,50010.17528159907,1.423036824514413,4.741997551390318,0,1,1.0351982893731873,6925.18389735639,1,7.8536557820252675,5,4,3,2.0,3
110,2023,west,1,1,13,55,60373.13946833603,1.423036824514413,2.2880408414876587,0,1,4.043688755896152,6392.188744750308,1,6.259574180689746,5,3,2,3.0,4
110,2024,west,1,1,13,56,61411.993241324155,1.423036824514413,2.621217487205793,0,1,2.464225107874949,3879.317228280664,1,8.433923183552379,5,5,2,5.0,2
110,2025,west,1,1,13,57,51631.59768903963,1.423036824514413,3.4033131571312847,0,1,2.158779907241125,6661.420971679862,1,7.396886310755975,4,4,1,4.0,4
111,2018,east,1,0,15,41,54700.68442042264,-0.010659997112287066,6.473847392203741,0,0,5.723606920818328,8403.047988631253,1,,2,5,4,5.0,1
111,2019,east,1,0,15,42,55097.958406034886,-0.010659997112287066,1.5123973893421652,0,0,2.2329812116808236,4858.66932650567,1,6.498087079881276,3,3,2,5.0,1
111,2020,east,1,0,15,43,63775.407907636356,-0.010659997112287066,3.711408302144426,0,0,6.533405626839801,4547.638707913465,0,9.939691434665347,1,5,2,3.0,2
111,2021,east,1,0,15,44,60471.616665569716,-0.010659997112287066,3.3980590301112295,0,0,1.8395049102662244,5894.354718738094,1,5.503931862054019,2,3,5,4.0,3
111,2022,east,1,0,15,45,47806.306854010734,-0.010659997112287066,3.6375504812814143,0,1,3.785434367288265,6543.716007184667,1,6.364644237314506,4,3,1,3.0,2
111,2023,east,1,0,15,46,51085.89057200669,-0.010659997112287066,5.571525009559596,0,1,0.944347810381994,8933.314135997525,1,,2,5,4,4.0,2
111,2024,east,1,0,15,47,64218.08488813922,-0.010659997112287066,4.368663834618023,0,1,2.7413424090811938,8642.358728900566,1,7.2662606876253735,2,4,5,3.0,2
111,2025,east,1,0,15,48,58715.13427708306,-0.010659997112287066,5.02306733551139,0,1,4.2030245459351185,8486.43426284355,1,10.0,4,5,4,4.0,4
112,2018,central,1,0,17,39,,0.46946328525377123,4.501614924226229,0,0,6.464053626196266,9360.70989366753,0,8.204624530534891,3,5,3,4.0,2
112,2019,central,1,0,17,40,51893.7310489641,0.46946328525377123,3.5973920429142128,0,0,7.490600810318389,10879.808748522719,0,9.354517286263805,5,5,3,3.0,2
112,2020,central,1,0,17,41,55823.994083855345,0.46946328525377123,5.886885648220074,0,0,7.05070743591071,8807.876882738614,1,8.61225522261517,2,5,3,3.0,3
112,2021,central,1,0,17,42,33792.386349296634,0.46946328525377123,4.693036776445757,0,0,5.160720500121145,7980.359425963051,0,,2,4,4,4.0,2
112,2022,central,1,0,17,43,50326.21058564113,0.46946328525377123,5.343980436689028,0,1,2.7039070712691067,11235.941591272007,1,9.177496203020882,1,5,2,2.0,3
112,2023,central,1,0,17,44,63507.565321757036,0.46946328525377123,5.6480618093664186,0,1,4.2191082019475745,9784.562545898983,1,8.268812762739792,3,5,2,4.0,3
112,2024,central,1,0,17,45,58078.47228867741,0.46946328525377123,3.4344964999764085,0,1,6.9020278568948745,11355.601796658892,1,7.94078062760185,0,4,4,3.0,3
112,2025,central,1,0,17,46,54684.36696840644,0.46946328525377123,4.619225090810477,0,1,7.8024659455446725,12993.272944672726,0,6.817683553505004,4,4,3,3.0,3
113,2018,central,0,0,15,41,51291.42165113297,0.5501160864088552,5.3418974053862,0,0,4.02821550540023,6527.851444622363,1,9.29400644740232,1,5,3,3.0,1
113,2019,central,0,0,15,42,54958.97259217359,0.5501160864088552,6.777926044171899,0,0,6.78064566871325,10227.501921995019,1,8.904743219581503,3,5,4,5.0,3
113,2020,central,0,0,15,43,59292.40078341153,0.5501160864088552,3.7762217456449183,0,0,7.921248934330522,9303.347146594497,1,7.682094971308777,3,4,4,3.0,2
113,2021,central,0,0,15,44,71333.00137371973,0.5501160864088552,4.17937074580445,0,0,4.962199295969712,7185.2854796658185,1,10.0,3,5,2,4.0,3
113,2022,central,0,0,15,45,54905.723219828535,0.5501160864088552,4.638443228152022,0,1,3.8744581174239645,10734.202481124612,0,7.554226753033425,2,4,3,4.0,1
113,2023,central,0,0,15,46,60705.71985898278,0.5501160864088552,3.5085899100264717,0,1,4.747939080890696,10360.17316068045,1,7.977115957313886,3,4,3,1.0,2
113,2024,central,0,0,15,47,62581.51658158076,0.5501160864088552,4.437079488234606,0,1,2.6612451912913526,7500.877799414291,1,9.229471461411318,2,5,2,2.0,3
113,2025,central,0,0,15,48,59366.385017574765,0.5501160864088552,3.4572146909751806,0,1,4.759201116786503,9817.297155237135,1,8.444578881778913,2,5,3,4.0,3
114,2018,central,1,0,12,41,,0.1668828372736267,4.41145612315479,0,0,4.8791478180417345,8265.81991581174,0,6.077590563012199,2,3,3,4.0,3
114,2019,central,1,0,12,42,59840.36559928548,0.1668828372736267,3.9024677361220563,0,0,4.4243751551203285,6181.942005433447,1,9.183030366485886,3,5,4,3.0,4
114,2020,central,1,0,12,43,36201.63474440189,0.1668828372736267,2.1176974185383255,0,0,3.9424165306268337,4641.124218779424,1,7.683524893728891,4,4,3,3.0,4
114,2021,central,1,0,12,44,55095.37572258574,0.1668828372736267,2.6299422897191755,0,0,3.3841463305601085,5892.366020585967,0,6.580615402690949,4,4,2,3.0,4
114,2022,central,1,0,12,45,57817.154756095595,0.1668828372736267,3.156525976965944,0,1,7.729016408864931,7460.409517929489,1,8.087375905535996,2,5,3,3.0,3
114,2023,central,1,0,12,46,52106.31789778788,0.1668828372736267,2.796446999737363,0,1,4.449120410192982,5086.5052630016935,1,8.634736371647573,4,5,5,3.0,5
114,2024,central,1,0,12,47,48663.33389628947,0.1668828372736267,4.771631988975482,0,1,4.353851241417166,5691.557084307787,0,7.384927027303545,5,4,4,3.0,3
114,2025,central,1,0,12,48,48678.18449510713,0.1668828372736267,4.101261182896095,0,1,5.772513093184952,9333.604920479385,1,8.91896332324381,3,5,1,3.0,3
115,2018,north,1,0,17,24,46890.871773790874,0.987835098806757,4.466338236636103,0,0,3.260424142283825,7656.897968254838,1,8.547822560114517,3,5,3,4.0,3
115,2019,north,1,0,17,25,64691.55649749434,0.987835098806757,1.8699065741618126,0,0,3.561272831278119,5007.231619542088,1,9.235664224602223,0,5,3,4.0,3
115,2020,north,1,0,17,26,49366.1684168238,0.987835098806757,4.5256833383015715,0,0,1.446913059637998,7833.841688495193,1,8.532311780378631,3,5,3,3.0,4
115,2021,north,1,0,17,27,,0.987835098806757,4.226276418701328,0,0,2.9495999974393947,7631.720120726614,1,8.526899541386909,1,5,4,4.0,4
115,2022,north,1,0,17,28,48339.37918733513,0.987835098806757,5.148226367056015,0,1,3.9503228153489363,3873.053372275035,1,6.445409690654094,1,3,4,3.0,3
115,2023,north,1,0,17,29,61672.49964047072,0.987835098806757,6.498737440239612,0,1,1.8015046271879136,8294.763700317271,1,8.93203916907913,2,5,4,4.0,2
115,2024,north,1,0,17,30,54207.434051981145,0.987835098806757,5.066053875597449,0,1,4.799843610257926,7762.488105199659,1,6.031993454659741,1,3,2,4.0,4
115,2025,north,1,0,17,31,62266.4342448688,0.987835098806757,4.330572363455526,0,1,3.620722743778979,6002.761029429412,1,9.573387359311537,1,5,3,4.0,1
116,2018,west,1,1,13,43,41500.80590768515,0.745824093755391,4.607730701010165,0,0,3.186692654547738,9632.329208789917,1,6.847463026389843,2,4,5,5.0,2
116,2019,west,1,1,13,44,47421.429756794154,0.745824093755391,2.7783712960179274,0,0,3.891850085134133,5545.05693879685,0,5.5646513661533925,3,3,3,4.0,3
116,2020,west,1,1,13,45,50366.59546406486,0.745824093755391,4.500774217507979,0,0,4.003968234435806,5669.506663178841,1,9.432817150020417,2,5,2,4.0,5
116,2021,west,1,1,13,46,46216.97656610505,0.745824093755391,4.18933799611823,0,0,2.9426032734392362,4544.067785787692,1,6.218433532214153,6,3,5,3.0,4
116,2022,west,1,1,13,47,51341.51479038302,0.745824093755391,2.6318870108387165,0,1,3.911396336587849,5785.955844578473,1,5.143751797748062,0,3,4,2.0,3
116,2023,west,1,1,13,48,61989.74098546215,0.745824093755391,3.477491727899021,0,1,3.731838516700844,5001.986329304628,1,9.258112568183568,1,5,2,4.0,4
116,2024,west,1,1,13,49,38710.822658144985,0.745824093755391,5.089606721764023,0,1,3.6817564372717073,5369.975817334104,1,8.127619600309618,5,5,2,3.0,3
116,2025,west,1,1,13,50,,0.745824093755391,4.585324398350909,0,1,0.6147546876635723,6676.617125669929,0,7.70812573940233,3,4,2,4.0,2
117,2018,north,1,0,16,48,60414.03904496308,-1.2593395992922676,2.2315394506462027,0,0,4.1651167585509405,5832.994414730315,1,7.85969405417996,4,4,3,3.0,2
117,2019,north,1,0,16,49,65481.322167473176,-1.2593395992922676,3.294931416583992,0,0,4.5036087554946995,7531.279612087709,0,8.464541727783507,4,5,3,5.0,3
117,2020,north,1,0,16,50,53129.220501784184,-1.2593395992922676,2.2771740245314054,0,0,3.1807469670074577,7692.603253135932,1,9.700210530489557,2,5,5,3.0,2
117,2021,north,1,0,16,51,61111.06110465092,-1.2593395992922676,5.523061011577271,0,0,2.843264946612991,9058.666293224243,1,7.270779166522494,2,4,2,3.0,4
117,2022,north,1,0,16,52,61816.08895266415,-1.2593395992922676,3.8985550228834525,0,1,4.407197575608279,7239.3264855462785,1,6.985859460187662,3,4,4,4.0,4
117,2023,north,1,0,16,53,56060.46508893038,-1.2593395992922676,3.434117700375339,0,1,-0.5301012157692746,7314.821502376466,1,9.94525161365535,5,5,4,2.0,3
117,2024,north,1,0,16,54,68357.89025863228,-1.2593395992922676,1.8177824352305425,0,1,4.154829857372296,6059.1102496385165,0,7.713278106519915,6,4,3,1.0,3
117,2025,north,1,0,16,55,56101.76787848573,-1.2593395992922676,3.508921649192866,0,1,3.9838920220011973,10270.48865242576,1,9.46779642670587,0,5,5,3.0,4
118,2018,central,1,0,17,25,56951.75368437105,1.4038261515764208,3.6930567852896874,0,0,4.182960254238244,5470.584275785071,0,8.369030814268049,3,5,3,3.0,2
118,2019,central,1,0,17,26,53487.58036034408,1.4038261515764208,6.072770692921865,0,0,4.6365184298449345,9497.501130863035,1,7.8180967167380055,3,4,3,4.0,2
118,2020,central,1,0,17,27,45860.836440192776,1.4038261515764208,3.66114928825976,0,0,5.841256724593951,7690.005198898661,0,7.793800011441241,0,4,2,4.0,3
118,2021,central,1,0,17,28,61898.72434790381,1.4038261515764208,3.5361496965326964,0,0,3.761265391648714,7331.58393703306,0,8.249896907273607,1,5,2,5.0,3
118,2022,central,1,0,17,29,59075.75135472411,1.4038261515764208,2.891182658086415,0,1,4.795590406686786,7879.669392720011,1,6.614022356982115,1,4,3,,3
118,2023,central,1,0,17,30,62432.47363813165,1.4038261515764208,4.566584103216389,0,1,7.135705435109295,5966.412790113577,1,8.618201524768443,2,5,3,3.0,4
118,2024,central,1,0,17,31,54621.63677019679,1.4038261515764208,6.356601515602881,0,1,6.025449113043386,8416.231032977648,1,5.954085859792018,4,3,4,4.0,4
118,2025,central,1,0,17,32,64564.933512469805,1.4038261515764208,4.290833514665532,0,1,5.401726931305457,6685.965751688943,1,9.006719389811014,1,5,2,4.0,3
119,2018,west,0,0,17,30,44074.38877154829,-0.15406704634586807,1.334058931063534,0,0,2.8174583018969397,3696.042918602688,1,6.915557490598204,0,4,4,5.0,3
119,2019,west,0,0,17,31,57323.89028675908,-0.15406704634586807,4.071909900830999,0,0,2.392271193085662,6095.685468920906,1,6.5228697135306,1,4,3,5.0,2
119,2020,west,0,0,17,32,45348.751315767775,-0.15406704634586807,5.755088916750524,0,0,3.636359946725622,10008.308536133074,1,8.89426640131784,0,5,2,3.0,3
119,2021,west,0,0,17,33,59191.73702985606,-0.15406704634586807,2.5113784750728207,0,0,3.432765442004009,6488.640489523985,1,8.765688640108332,1,5,3,4.0,2
119,2022,west,0,0,17,34,57170.85378892005,-0.15406704634586807,2.7855162661237554,0,1,1.2786887927723338,6677.355000630472,1,9.535794596161399,0,5,3,3.0,4
119,2023,west,0,0,17,35,42032.29761381689,-0.15406704634586807,5.272194184347142,0,1,3.367162456038349,7760.310885757741,1,8.559484805861539,1,5,3,4.0,2
119,2024,west,0,0,17,36,53652.49762525784,-0.15406704634586807,5.322596021468799,0,1,3.7165488960295674,8661.523838594558,0,8.21756360942289,3,5,2,4.0,3
119,2025,west,0,0,17,37,76368.43605737126,-0.15406704634586807,2.7705168114779353,0,1,1.1551167740125359,4963.108626271853,1,7.829588514231592,4,4,3,4.0,3
120,2018,east,1,0,12,39,53509.66149078078,-0.9689964157634489,5.520279781002655,0,0,3.812459770398963,5465.815502454339,1,7.866018389420724,0,4,4,,2
120,2019,east,1,0,12,40,51584.64980047036,-0.9689964157634489,3.0817911696319773,0,0,4.861232237138819,5134.883041572239,1,7.1730663375984784,4,4,2,4.0,4
120,2020,east,1,0,12,41,45745.728474141055,-0.9689964157634489,2.2818407814708395,0,0,4.617668875899463,3300.9067218018727,1,6.182729178389877,2,3,2,4.0,2
120,2021,east,1,0,12,42,57292.52617607756,-0.9689964157634489,2.764107891701051,0,0,1.1059057299390815,4981.840312378148,0,7.461749944312794,1,4,4,4.0,3
120,2022,east,1,0,12,43,55158.964645663014,-0.9689964157634489,3.6569473591684174,0,1,4.606621178935253,7112.730549374784,1,6.95541350204098,2,4,3,3.0,2
120,2023,east,1,0,12,44,60452.69607594216,-0.9689964157634489,3.307701545755073,0,1,6.165228185585512,4817.378030054751,0,6.133411557999832,0,3,5,4.0,2
120,2024,east,1,0,12,45,50041.66894861748,-0.9689964157634489,2.9030631595208276,0,1,7.07717125520698,4412.817806457662,1,8.988879825423574,2,5,4,3.0,3
120,2025,east,1,0,12,46,48791.00898436348,-0.9689964157634489,2.115527810235103,0,1,5.795521288490312,4135.431581902502,1,10.0,1,5,5,4.0,3
121,2018,south,1,0,16,32,,-1.9237958534507513,2.365146238976844,0,0,1.992352372490989,3633.3070407888385,1,5.470308622220137,2,3,4,4.0,3
121,2019,south,1,0,16,33,51008.96965157103,-1.9237958534507513,2.4020448544197484,0,0,2.946609625188116,4032.521723981004,0,9.248022043823518,1,5,2,4.0,3
121,2020,south,1,0,16,34,51520.25185408668,-1.9237958534507513,2.2053535316896644,0,0,2.787572153504753,3837.526707177532,0,7.829716681326547,2,4,1,3.0,3
121,2021,south,1,0,16,35,57524.81858315329,-1.9237958534507513,2.107688209436987,0,0,1.193197258182797,6394.911945801285,0,8.215153864537756,0,5,3,2.0,2
121,2022,south,1,0,16,36,45909.5433134588,-1.9237958534507513,3.8560156298394173,0,1,3.4276660079304757,4061.045622831764,1,7.589752918526653,0,4,3,2.0,4
121,2023,south,1,0,16,37,52523.888247264156,-1.9237958534507513,2.152632068683846,0,1,1.6027025761889568,4353.43086948586,0,8.07044409596216,3,5,4,3.0,3
121,2024,south,1,0,16,38,,-1.9237958534507513,4.329814023322612,0,1,1.0962402205392792,6661.313309288075,0,8.422497668759197,4,5,2,3.0,2
121,2025,south,1,0,16,39,55559.45584152145,-1.9237958534507513,1.4141185465859827,0,1,2.204987206569923,3215.850192532073,1,9.301609030900483,2,5,3,2.0,1
122,2018,east,1,1,15,45,43780.227364934675,-0.829839526692173,1.819351971180417,0,0,3.9900078250968267,4383.921958506927,1,8.908239333026179,5,5,4,4.0,2
122,2019,east,1,1,15,46,49277.4961829181,-0.829839526692173,3.471824691121687,0,0,2.6847421280068167,5536.0252752228835,1,5.482037034145973,3,3,4,3.0,2
122,2020,east,1,1,15,47,62607.68732877038,-0.829839526692173,2.3098223548450476,0,0,1.326483245134865,4640.374067940519,1,8.082783819523884,2,5,3,2.0,4
122,2021,east,1,1,15,48,49795.29162230703,-0.829839526692173,3.9205873652058676,0,0,2.735433132855235,7744.712383513302,1,8.016980427254373,3,5,2,4.0,2
122,2022,east,1,1,15,49,57485.4566869513,-0.829839526692173,5.066680926714149,0,1,2.6844664642464298,8029.136078649288,0,7.117947617465538,5,4,5,3.0,4
122,2023,east,1,1,15,50,39042.97285170743,-0.829839526692173,2.804471024736017,0,1,6.921991453325429,6292.129580696377,1,8.604826771749716,3,5,3,4.0,2
122,2024,east,1,1,15,51,52412.14142965258,-0.829839526692173,3.5951812151122158,0,1,3.1532823231647513,10855.91187954964,1,5.784442999690118,2,3,2,1.0,2
122,2025,east,1,1,15,52,65016.07431311586,-0.829839526692173,2.618007228871601,0,1,3.7482938911315387,7152.143730080719,0,6.007471241502028,3,3,3,4.0,2
123,2018,north,1,0,17,26,54767.50195789568,0.1882767630207077,6.373246734750861,0,0,2.8622849130196775,7667.5707591063465,1,8.474952563312053,1,5,2,4.0,3
123,2019,north,1,0,17,27,59009.168269349684,0.1882767630207077,4.254339169634578,0,0,6.227630126934346,7838.465336403714,1,7.189967756332562,0,4,5,3.0,3
123,2020,north,1,0,17,28,70318.29668233726,0.1882767630207077,4.016441251953849,0,0,5.867513611203066,7166.22038569769,1,9.006075739300044,0,5,3,2.0,3
123,2021,north,1,0,17,29,48398.144270602235,0.1882767630207077,3.1336662800369233,0,0,3.9565701227951773,6216.834664700233,1,7.324553087764029,6,4,2,5.0,3
123,2022,north,1,0,17,30,45546.6647113572,0.1882767630207077,4.562205385891759,0,1,1.7236590526786206,11068.636210101458,1,7.236485061126027,1,4,5,3.0,3
123,2023,north,1,0,17,31,52612.45421716574,0.1882767630207077,3.839411637889498,0,1,4.242797147071007,6027.7568036448,1,8.832394032272177,3,5,3,3.0,5
123,2024,north,1,0,17,32,55394.47674380614,0.1882767630207077,3.1448055159915054,0,1,3.002423778473279,6013.394963111385,0,8.422677298420844,2,5,3,4.0,2
123,2025,north,1,0,17,33,53551.37053632768,0.1882767630207077,4.57526005010936,0,1,2.7623908635125902,5381.606124839017,0,5.73648922816311,5,3,3,4.0,2
124,2018,south,1,1,18,52,64358.60526645348,-0.541918414219152,5.329655980971139,0,0,2.8272467911851997,9491.361850182531,0,7.797421505801338,4,4,3,5.0,1
124,2019,south,1,1,18,53,52614.25755576663,-0.541918414219152,3.7933869869839185,0,0,5.716314490094102,7596.304649495066,0,8.413340595507055,1,5,3,4.0,3
124,2020,south,1,1,18,54,56401.11402505317,-0.541918414219152,4.738969151650583,0,0,5.225988086902558,5562.034847124904,1,10.0,4,5,3,5.0,2
124,2021,south,1,1,18,55,69140.9005442518,-0.541918414219152,5.784196224832426,0,0,4.482433297449029,9426.489340350596,0,7.757692022936233,3,4,2,2.0,3
124,2022,south,1,1,18,56,72749.23958667259,-0.541918414219152,5.107502716822161,0,1,6.5852920531898596,11793.990574551746,1,9.155247594099931,3,5,4,3.0,2
124,2023,south,1,1,18,57,61411.49680204885,-0.541918414219152,5.7032512654153935,0,1,5.327132614911045,12644.98383759591,0,6.677602496656256,3,4,2,3.0,3
124,2024,south,1,1,18,58,71183.81293978622,-0.541918414219152,5.156112833444319,0,1,3.011560346148892,10279.224394134517,1,8.708977346044295,4,5,2,4.0,4
124,2025,south,1,1,18,59,55553.56137541042,-0.541918414219152,4.5160074617128085,0,1,1.7682058241264826,8616.875328712456,1,8.37299302551285,6,5,2,4.0,2
125,2018,north,1,0,15,25,40853.70370995802,1.4216339086573153,6.6974130663080516,0,0,4.153974359536571,11503.16193477329,1,9.339526771524644,0,5,4,4.0,2
125,2019,north,1,0,15,26,39398.69193114841,1.4216339086573153,4.9396728761151065,0,0,1.715380107035176,6457.348517093779,1,7.680150146738866,3,4,2,2.0,3
125,2020,north,1,0,15,27,56450.28652768822,1.4216339086573153,5.414641616921516,0,0,3.5165025837431436,7184.248600013216,1,7.846134705139746,1,4,3,2.0,1
125,2021,north,1,0,15,28,52052.71951578526,1.4216339086573153,3.689118224948786,0,0,6.676985869690126,5403.455197075288,1,8.054604011326083,3,5,2,4.0,3
125,2022,north,1,0,15,29,53936.379461367134,1.4216339086573153,4.227500452690834,0,1,2.560201102470744,6338.08106091565,1,7.913378430790744,3,4,3,4.0,5
125,2023,north,1,0,15,30,51026.51584456946,1.4216339086573153,4.261835698799425,0,1,2.931345661101349,6580.376198829142,1,8.520191873042634,1,5,4,2.0,3
125,2024,north,1,0,15,31,49909.781846907696,1.4216339086573153,4.792108812269643,0,1,5.9422319924003295,7992.0213890871255,1,7.214401313978502,2,4,4,4.0,3
125,2025,north,1,0,15,32,66239.11152755623,1.4216339086573153,4.780516068881047,0,1,2.8608964494440805,9090.576364291881,1,7.17455577624952,2,4,2,4.0,4
126,2018,north,1,0,15,25,55689.92989649247,1.9533421286149824,4.784411248073227,0,0,2.11034812589632,6863.553129970733,1,9.140242025952436,2,5,3,2.0,3
126,2019,north,1,0,15,26,52823.28347034138,1.9533421286149824,6.899844333438589,0,0,2.3911184118058397,9029.349818839542,0,7.922925655922546,2,4,2,5.0,2
126,2020,north,1,0,15,27,45511.697212092506,1.9533421286149824,3.44822166182515,0,0,2.088830580526505,4886.914218399489,1,8.07425763287244,1,5,2,3.0,2
126,2021,north,1,0,15,28,46309.98583438557,1.9533421286149824,3.964242516270866,0,0,4.418957163988791,6301.644114060129,0,8.971677926879721,1,5,4,1.0,2
126,2022,north,1,0,15,29,44493.37202995565,1.9533421286149824,4.051704748810015,0,1,3.8443136957422483,4810.3542161869955,1,9.232347183442158,1,5,3,3.0,4
126,2023,north,1,0,15,30,49013.68742303107,1.9533421286149824,5.812900213545691,0,1,5.196650950024928,7779.826909961721,1,6.312725202374512,1,3,4,3.0,3
126,2024,north,1,0,15,31,44504.660608899765,1.9533421286149824,5.800092712077447,0,1,2.474265587538748,8864.840018958968,1,7.411604915505211,0,4,3,4.0,3
126,2025,north,1,0,15,32,59898.256955162025,1.9533421286149824,4.3359610405218705,0,1,2.9746912726032897,8511.830812340386,1,9.690311422210323,4,5,3,4.0,3
127,2018,west,0,0,19,40,64890.03281114006,0.8372864479187015,4.991586646408939,0,0,1.2705622028437267,6843.387275716145,1,8.10191785280731,3,5,4,2.0,2
127,2019,west,0,0,19,41,57631.319418047926,0.8372864479187015,5.749560095036639,0,0,2.817522710778721,10907.78915091169,1,8.51251665361768,2,5,3,3.0,2
127,2020,west,0,0,19,42,57074.61943181796,0.8372864479187015,6.543237300326336,0,0,3.937037344175542,12152.926065217176,0,,2,5,3,3.0,3
127,2021,west,0,0,19,43,60226.31534356443,0.8372864479187015,5.386433045061948,0,0,4.769289582052303,8036.427004275238,1,7.729788647919797,1,4,3,3.0,4
127,2022,west,0,0,19,44,55568.913036640326,0.8372864479187015,5.4180063344086,0,1,3.3136952202499685,8463.334538818703,1,8.390623794562584,5,5,3,4.0,2
127,2023,west,0,0,19,45,55702.04008717313,0.8372864479187015,4.674154438847384,0,1,6.10213297583459,11762.830909061417,1,10.0,1,5,1,5.0,2
127,2024,west,0,0,19,46,64535.5852614554,0.8372864479187015,5.160324332769817,0,1,3.620123816776645,7742.132535918557,0,6.990659884559236,1,4,3,3.0,3
127,2025,west,0,0,19,47,65538.70038202073,0.8372864479187015,5.957759943922982,0,1,5.780226407366094,11505.104865100368,1,9.394445307936476,1,5,5,3.0,4
128,2018,east,1,0,14,35,53315.12154194125,-1.4536648194390691,2.3733888926380757,0,0,0.8310313692479538,3787.541762044954,1,5.911647130216051,1,3,3,4.0,3
128,2019,east,1,0,14,36,48207.525663891494,-1.4536648194390691,2.1903232703466413,0,0,4.289987973632026,3999.9859370436548,0,10.0,2,5,4,3.0,4
128,2020,east,1,0,14,37,53335.6055644628,-1.4536648194390691,1.9730276060599197,0,0,3.0015619955676343,3913.221823611888,1,8.938777140198267,2,5,1,4.0,3
128,2021,east,1,0,14,38,45011.33057516913,-1.4536648194390691,1.5533761265523567,0,0,1.9382160690941657,4470.538278333307,1,7.692269263816811,0,4,3,3.0,3
128,2022,east,1,0,14,39,46247.83859886368,-1.4536648194390691,1.1454746507993814,0,1,1.6820930395090041,3431.9873314916745,1,8.087549061682074,3,5,3,4.0,3
128,2023,east,1,0,14,40,59835.72421287215,-1.4536648194390691,2.5033419484788246,0,1,1.8808808911764328,8733.859370218728,1,9.16134788651372,1,5,2,4.0,3
128,2024,east,1,0,14,41,45481.603851601445,-1.4536648194390691,2.7283718582590555,0,1,2.7229227268898475,5146.22078351593,0,6.129417506034919,4,3,3,3.0,3
128,2025,east,1,0,14,42,41453.05680882707,-1.4536648194390691,2.080489321568405,0,1,4.862089411405655,5986.326754548192,1,8.781285937139963,2,5,4,4.0,2
129,2018,south,0,0,15,26,56853.38397033694,-1.8574946254899236,2.9113514222719843,0,0,-0.6032870596167927,5228.447602622964,1,7.631193861418407,1,4,4,4.0,3
129,2019,south,0,0,15,27,55668.23317557447,-1.8574946254899236,2.3067682787034616,0,0,3.9411635774386253,5015.762720026814,1,8.483118823550733,3,5,4,4.0,4
129,2020,south,0,0,15,28,37170.79825842922,-1.8574946254899236,4.168693462034445,0,0,0.42890267328987486,5000.39455961456,0,6.881488202604662,5,4,3,,4
129,2021,south,0,0,15,29,45894.65199501101,-1.8574946254899236,3.0584506483387903,0,0,1.3466271823778386,5148.628818683544,0,7.104704771403741,3,4,3,3.0,3
129,2022,south,0,0,15,30,48344.932478230614,-1.8574946254899236,0.5964164136823615,0,1,4.72310981086962,3920.640891420172,0,7.483686458189103,1,4,1,5.0,3
129,2023,south,0,0,15,31,71679.36156978147,-1.8574946254899236,2.5014260956517047,0,1,5.028893314845371,6465.813125283759,0,8.235543270458322,1,5,3,5.0,2
129,2024,south,0,0,15,32,45512.615725028445,-1.8574946254899236,2.1166097101761365,0,1,2.2482782822795846,3818.8976997328996,1,7.834125562110827,4,4,4,4.0,4
129,2025,south,0,0,15,33,53689.19022467869,-1.8574946254899236,2.6273291387389426,0,1,1.6382903828361275,5417.143352375214,0,8.487484070228511,1,5,3,3.0,4
130,2018,west,1,0,18,36,42616.61757793142,0.0213312661150584,3.3713790716384926,0,0,-0.05473976010661019,4156.369951783567,0,5.79302893320145,1,3,3,5.0,2
130,2019,west,1,0,18,37,62705.23734392812,0.0213312661150584,3.2024269250476944,0,0,2.8130699379817523,4900.582355913583,1,8.089725294576503,1,5,4,4.0,2
130,2020,west,1,0,18,38,71482.93729729827,0.0213312661150584,3.4780007506520536,0,0,2.4258334421486687,4033.9108777326364,1,7.532970128924193,1,4,3,3.0,3
130,2021,west,1,0,18,39,50714.68727857086,0.0213312661150584,2.7852315665175302,0,0,0.8390721263456856,4530.699573149278,1,7.972412164384446,2,4,5,3.0,3
130,2022,west,1,0,18,40,59405.785967435615,0.0213312661150584,3.396636465807924,0,1,3.044585685512201,4154.563325808278,0,5.235887134249891,5,3,4,2.0,2
130,2023,west,1,0,18,41,59010.19141100552,0.0213312661150584,5.859323687257491,0,1,2.227717598390715,9348.56991604083,1,8.2343083768486,2,5,5,5.0,4
130,2024,west,1,0,18,42,60583.040791255335,0.0213312661150584,5.112698222699124,0,1,1.5314133739789357,6339.916015806157,1,6.596483480594124,2,4,2,1.0,2
130,2025,west,1,0,18,43,60857.04630454197,0.0213312661150584,4.611583548410947,0,1,2.4974091445200743,9241.818336902108,1,7.7293617868671225,5,4,5,2.0,4
131,2018,west,0,0,16,40,48951.32164794846,-0.5463623096135917,3.364462163177207,0,0,2.9505325470914303,8058.641221767942,1,,2,5,4,3.0,4
131,2019,west,0,0,16,41,52356.54212141771,-0.5463623096135917,4.308218802954425,0,0,2.9069941930049175,6474.086943170011,1,8.177944412372252,3,5,3,4.0,3
131,2020,west,0,0,16,42,63467.384468557386,-0.5463623096135917,3.4940664612726042,0,0,5.2609312160874495,8263.527505477148,1,7.747369815244653,3,4,3,3.0,3
131,2021,west,0,0,16,43,65801.98775252514,-0.5463623096135917,4.743155828677002,0,0,7.086498255704669,9647.451812980516,1,8.112127296085802,1,5,4,4.0,5
131,2022,west,0,0,16,44,47515.41884466635,-0.5463623096135917,3.6632537792851365,0,1,3.4549683546108145,10002.341769516215,1,8.391566936677636,2,5,4,3.0,3
131,2023,west,0,0,16,45,62275.63120592379,-0.5463623096135917,4.081879877071125,0,1,7.13444036525693,5406.157529294622,1,7.557620154090969,5,4,3,3.0,3
131,2024,west,0,0,16,46,65197.7565363869,-0.5463623096135917,2.7561480935330933,0,1,6.665891481017762,6690.362429890282,1,7.964129342937069,2,4,4,5.0,3
131,2025,west,0,0,16,47,65659.95705791202,-0.5463623096135917,4.600246052377631,0,1,1.2649382707873382,10707.059419236544,1,9.293812798663302,4,5,2,3.0,4
132,2018,west,1,0,17,42,65524.084011885156,0.7749120513296174,5.4860344375047685,0,0,2.310861534611819,7067.628250710234,1,9.249540497313573,4,5,2,2.0,3
132,2019,west,1,0,17,43,53274.233409452645,0.7749120513296174,6.605087790844042,0,0,3.696556629570088,9980.314608794457,1,9.547994750077718,1,5,2,3.0,3
132,2020,west,1,0,17,44,53046.47845554371,0.7749120513296174,4.279960931903536,0,0,6.979044206355108,6913.056819422675,0,7.745127284254935,5,4,4,2.0,3
132,2021,west,1,0,17,45,44378.72444382776,0.7749120513296174,4.208348263404167,0,0,2.8859312566778903,6610.029537609499,0,7.514111138536189,6,4,4,3.0,4
132,2022,west,1,0,17,46,53709.87923112011,0.7749120513296174,3.985238932961585,0,1,4.961829504961472,8260.737329270329,1,8.268724111094114,2,5,3,3.0,2
132,2023,west,1,0,17,47,57267.72614874295,0.7749120513296174,3.895647079902594,0,1,4.3698544462770545,8652.988885014733,1,10.0,5,5,5,2.0,4
132,2024,west,1,0,17,48,62654.99145238149,0.7749120513296174,4.663975976752912,0,1,2.837541486027522,7965.452772648674,1,6.441110130578017,4,3,3,3.0,2
132,2025,west,1,0,17,49,58094.84425224117,0.7749120513296174,4.57094265432277,0,1,3.3708155191907645,7274.898413071564,1,7.583510973768437,3,4,3,5.0,3
133,2018,east,1,1,9,40,41883.321461073705,-1.4508732454796505,0.9511293272309705,0,0,5.718528054557234,5508.277233061675,0,8.32903845284167,4,5,3,4.0,1
133,2019,east,1,1,9,41,45382.738146867654,-1.4508732454796505,0.8894804474987121,0,0,4.344887938343191,4494.287256343558,1,5.9891738073462,4,3,3,,2
133,2020,east,1,1,9,42,43139.455955748104,-1.4508732454796505,1.8641738491498363,0,0,6.659522057500844,4100.824316758033,1,6.0405020864377255,1,3,3,5.0,3
133,2021,east,1,1,9,43,30816.927125329057,-1.4508732454796505,1.3728777207717335,0,0,7.157107476813845,4608.981890737195,0,6.846639291592559,2,4,3,4.0,3
133,2022,east,1,1,9,44,41559.59128973038,-1.4508732454796505,2.453866430627234,0,1,8.4205215024853,4793.872825337127,1,8.327891383540495,3,5,2,5.0,2
133,2023,east,1,1,9,45,31821.688273654938,-1.4508732454796505,0.3857431662641828,0,1,6.559793500384053,3681.492351726321,1,6.045699517043833,1,3,3,3.0,5
133,2024,east,1,1,9,46,55152.09982639148,-1.4508732454796505,0.7602990937644307,0,1,6.456693370043688,4043.600479095744,0,7.199093526898027,2,4,3,5.0,2
133,2025,east,1,1,9,47,56342.61440299533,-1.4508732454796505,1.380280142316931,0,1,5.426323387686188,4420.209454829469,1,8.060547939000386,1,5,3,4.0,4
134,2018,west,0,0,17,33,51064.44286316821,0.15888543199974947,3.8702032435048723,0,0,-2.7695739312905014,6081.502100376947,0,5.137054919264604,0,3,3,4.0,3
134,2019,west,0,0,17,34,61819.084134431156,0.15888543199974947,4.340603957816635,0,0,2.064500513178424,5452.593076625397,1,8.588114544638387,2,5,4,3.0,3
134,2020,west,0,0,17,35,52661.140911706636,0.15888543199974947,2.583756777091032,0,0,0.554162989646056,6424.43235428319,1,6.264204347391689,0,3,4,4.0,2
134,2021,west,0,0,17,36,50050.231106121995,0.15888543199974947,3.3266572109642736,0,0,-0.36665550119667856,3640.0531253640725,1,6.0001960198020345,2,3,5,2.0,3
134,2022,west,0,0,17,37,68331.70417783613,0.15888543199974947,4.361310477304225,0,1,1.8811594699579486,5127.763024548156,0,7.226222193937263,5,4,2,3.0,4
134,2023,west,0,0,17,38,57060.89045152321,0.15888543199974947,4.413626780905014,0,1,1.8936105584041618,6876.443138474539,1,9.26039356894571,2,5,3,,2
134,2024,west,0,0,17,39,57348.272617166986,0.15888543199974947,2.721828950691725,0,1,4.452908488122629,5775.969943771219,1,6.909408925063139,5,4,3,2.0,4
134,2025,west,0,0,17,40,59875.140222604845,0.15888543199974947,3.757603688273833,0,1,2.2750999400390306,9227.274519345576,0,6.757108118180952,2,4,4,3.0,4
135,2018,west,0,0,17,29,58419.73129360346,-1.2646791593750297,2.7110286447043066,0,0,4.2924148950448675,7917.436817140381,0,7.761207724888667,2,4,4,2.0,3
135,2019,west,0,0,17,30,47843.70217134685,-1.2646791593750297,2.034048086794611,0,0,1.6435249999741979,4802.453640450293,1,10.0,2,5,4,3.0,4
135,2020,west,0,0,17,31,52314.49025382933,-1.2646791593750297,2.6148550662874737,0,0,2.557533233554279,5499.634856879847,1,8.491234632059072,3,5,3,3.0,3
135,2021,west,0,0,17,32,51289.51825123414,-1.2646791593750297,3.460489242060881,0,0,1.740161811847618,5505.117171117142,0,8.70520237062707,3,5,2,2.0,4
135,2022,west,0,0,17,33,61947.40554261888,-1.2646791593750297,2.7857914537278323,0,1,4.203941053949442,5368.8082633172835,1,8.353278638637962,1,5,5,3.0,3
135,2023,west,0,0,17,34,56971.59682169746,-1.2646791593750297,3.31106789973308,0,1,5.525893461192733,6568.9768103979795,1,9.280614845527527,3,5,3,5.0,5
135,2024,west,0,0,17,35,39714.52162448921,-1.2646791593750297,3.374431611840773,0,1,4.972324232702469,6050.976729440082,0,6.669934537639103,0,4,4,4.0,3
135,2025,west,0,0,17,36,44784.69512915707,-1.2646791593750297,1.8329419673568321,0,1,5.928588528576437,5504.128465419655,1,7.460167109947206,2,4,4,2.0,3
136,2018,west,0,0,21,42,62875.52857439195,0.03421564183255956,5.717453330092041,0,0,5.382916710161484,14665.214140829565,1,8.874028259155201,2,5,3,4.0,3
136,2019,west,0,0,21,43,51005.62154960828,0.03421564183255956,4.058621851041838,0,0,5.629716683212674,7444.557778133359,1,7.40472756487862,4,4,5,3.0,4
136,2020,west,0,0,21,44,67444.37958895839,0.03421564183255956,5.09027927757469,0,0,6.668214645705191,18312.28964966038,1,8.035707379080062,2,5,3,5.0,3
136,2021,west,0,0,21,45,55865.03568479653,0.03421564183255956,5.637291669061,0,0,5.006852260131347,21732.435965953806,1,9.028850242996443,1,5,4,3.0,3
136,2022,west,0,0,21,46,69911.01966321017,0.03421564183255956,5.050202059612122,0,1,6.413312021832351,15265.069064837615,1,8.896104087966847,5,5,3,5.0,3
136,2023,west,0,0,21,47,62988.713972028934,0.03421564183255956,6.616403691524162,0,1,8.968228730545178,11368.549647504935,1,8.253223834078504,1,5,1,3.0,2
136,2024,west,0,0,21,48,62775.4879169052,0.03421564183255956,5.545002143079716,0,1,3.011573227179602,15753.571958677418,1,9.219305756225394,4,5,4,3.0,3
136,2025,west,0,0,21,49,67138.42864574552,0.03421564183255956,5.521386129301563,0,1,8.30795377137787,12012.826242447949,1,8.34388269202507,4,5,4,4.0,3
137,2018,central,1,0,16,48,65966.45869478087,1.0839192188601283,3.3621109831723976,0,0,6.800137130947027,7223.516312689171,1,10.0,5,5,3,3.0,3
137,2019,central,1,0,16,49,52978.04392777177,1.0839192188601283,5.218411038462039,0,0,3.894288404087371,9336.163789685932,0,7.251327893537815,0,4,3,5.0,4
137,2020,central,1,0,16,50,47057.49215395695,1.0839192188601283,5.81920607488559,0,0,7.13021697159734,16314.947230580174,0,7.39468685686127,4,4,4,3.0,4
137,2021,central,1,0,16,51,58656.36885989598,1.0839192188601283,3.3630249301794426,0,0,6.376718865548606,8074.345889801927,1,9.992021180440755,5,5,4,5.0,2
137,2022,central,1,0,16,52,64187.79568491317,1.0839192188601283,5.721220076848439,0,1,5.035544511073356,12352.269561018342,1,9.732716369292357,2,5,2,4.0,2
137,2023,central,1,0,16,53,64418.56312441469,1.0839192188601283,5.08931180872981,0,1,8.528388493425066,10668.40536449025,1,8.320869997214437,2,5,3,2.0,3
137,2024,central,1,0,16,54,62395.72611757567,1.0839192188601283,4.846175245241997,0,1,5.813775262804014,12540.870417254053,1,8.472287020906553,4,5,5,4.0,5
137,2025,central,1,0,16,55,66062.92108513274,1.0839192188601283,5.880322853893473,0,1,5.013593337696418,10892.761406302503,1,9.973988820123317,4,5,4,3.0,2
138,2018,west,1,0,15,29,55180.17665055127,-0.1297982182514664,4.7250806607297315,0,0,8.290174851449457,8305.793010254978,0,7.747644349840438,1,4,2,4.0,3
138,2019,west,1,0,15,30,55270.92702546368,-0.1297982182514664,5.451523712352573,0,0,4.83234578516816,8649.024152977077,1,7.3633556294642375,1,4,2,3.0,4
138,2020,west,1,0,15,31,50726.244621849946,-0.1297982182514664,3.3745924707894863,0,0,6.337877299797167,5373.267858590795,0,7.328434482416097,3,4,3,4.0,2
138,2021,west,1,0,15,32,43893.28061851903,-0.1297982182514664,3.501523021971392,0,0,3.688428899971875,9797.759598323315,0,6.798561337552151,0,4,4,4.0,3
138,2022,west,1,0,15,33,59379.895088309306,-0.1297982182514664,4.959926735911233,0,1,6.815180947033685,6780.692293715193,1,7.9712908495589225,1,4,3,3.0,3
138,2023,west,1,0,15,34,46003.55701717787,-0.1297982182514664,5.7243796546982,0,1,6.7779589666871525,8735.113928391893,1,8.612495104559938,3,5,4,3.0,2
138,2024,west,1,0,15,35,52157.65394277371,-0.1297982182514664,3.0324082749455394,0,1,6.034576350899798,5310.97992886617,1,9.85845062767499,1,5,3,3.0,3
138,2025,west,1,0,15,36,62512.612985430766,-0.1297982182514664,4.592312809052952,0,1,8.395381872420513,10230.918798551767,1,10.0,1,5,2,4.0,2
139,2018,central,1,0,15,23,48049.912034524765,0.3354172313212936,0.7405459075082907,0,0,0.9086689964950576,3507.272667940983,0,7.4036433550738545,1,4,4,5.0,3
139,2019,central,1,0,15,24,48351.058672699815,0.3354172313212936,5.599215632748585,0,0,4.240707630359521,6050.47617278806,1,9.42911080390656,5,5,3,3.0,2
139,2020,central,1,0,15,25,54951.47313003128,0.3354172313212936,4.456237469887994,0,0,3.068772447367692,6789.2519711944315,1,7.622708238947918,0,4,5,4.0,4
139,2021,central,1,0,15,26,52644.95417637905,0.3354172313212936,4.094810229774491,0,0,2.4234848445924175,8952.372252185052,0,7.069390897121673,1,4,3,3.0,2
139,2022,central,1,0,15,27,40498.312826160975,0.3354172313212936,6.322576320054509,0,1,3.628930445424552,3971.8197516739538,0,7.026559512910827,0,4,2,,2
139,2023,central,1,0,15,28,50760.55736467153,0.3354172313212936,2.8779431496470953,0,1,1.3675316358452019,4206.776956323533,1,7.443448285838779,3,4,4,3.0,3
139,2024,central,1,0,15,29,60444.75911962312,0.3354172313212936,3.331268456787991,0,1,3.5382344299966286,3932.1211485087706,1,8.201587344876055,1,5,2,4.0,2
139,2025,central,1,0,15,30,52551.98154320831,0.3354172313212936,3.910164619577121,0,1,5.420745312147341,6648.778995653178,1,7.415726730301235,2,4,2,4.0,3
140,2018,west,1,0,10,54,58911.67469432431,0.020413919057190817,1.2588466667659142,0,0,2.8503922434365854,2891.092129847798,1,6.814786688674062,1,4,4,3.0,2
140,2019,west,1,0,10,55,36247.90462259714,0.020413919057190817,1.6696778242257135,0,0,-0.7680081585790202,3122.892217493124,1,5.839158575897568,4,3,4,3.0,3
140,2020,west,1,0,10,56,50616.3619324235,0.020413919057190817,-0.10077297031742871,0,0,1.814451343327795,4571.694011570406,1,6.591034219990747,3,4,4,5.0,2
140,2021,west,1,0,10,57,46275.357787898414,0.020413919057190817,1.6163038489050452,0,0,0.6478756081407849,3687.539773118242,0,7.0772098941769865,5,4,4,2.0,3
140,2022,west,1,0,10,58,47200.0826933356,0.020413919057190817,3.036731164891192,0,1,2.4908949739755064,4279.409329383956,1,7.538169256402963,5,4,3,4.0,2
140,2023,west,1,0,10,59,54724.773371140414,0.020413919057190817,2.4420937396393323,0,1,2.0000378628592497,7586.2423927334885,1,7.034490175537916,9,4,4,4.0,3
140,2024,west,1,0,10,60,65778.84718689711,0.020413919057190817,1.1958483453939541,0,1,-1.132565552704873,3114.292900106885,1,5.741502400041171,5,3,5,5.0,3
140,2025,west,1,0,10,61,47021.512152612726,0.020413919057190817,1.7833201356942372,0,1,1.8580909440492506,3824.488338810603,0,8.700316231814385,1,5,4,2.0,3
141,2018,central,1,1,10,50,49217.07718151671,-0.5064302869375278,1.1444322148211452,0,0,2.4028251209848777,3374.185473303042,1,7.325121289304311,5,4,4,4.0,3
141,2019,central,1,1,10,51,41778.56630819327,-0.5064302869375278,2.4033823051165584,0,0,4.733807347454345,3968.3164507098522,1,7.744670967868784,2,4,3,3.0,2
141,2020,central,1,1,10,52,55665.33086447041,-0.5064302869375278,3.088955914619551,0,0,1.5433448581149436,4184.142502203641,1,7.9868558192810895,5,4,4,,3
141,2021,central,1,1,10,53,46718.88544916147,-0.5064302869375278,1.1499423034713632,0,0,0.6119189399372638,2898.5632065287014,1,3.4531777060129225,2,1,2,3.0,3
141,2022,central,1,1,10,54,51361.98243883149,-0.5064302869375278,2.663986421784328,0,1,0.29668144531864993,3742.5274329182294,1,6.9076240831787645,3,4,3,4.0,3
141,2023,central,1,1,10,55,62598.61562040738,-0.5064302869375278,1.9818848259578872,0,1,2.0179149855136638,4417.788359292211,0,6.424607235343759,4,3,3,3.0,4
141,2024,central,1,1,10,56,47494.94100779758,-0.5064302869375278,2.5341543093161913,0,1,-1.6251380383621026,4974.154038179854,0,3.315559917488825,3,1,3,4.0,3
141,2025,central,1,1,10,57,49370.46795164051,-0.5064302869375278,1.0810464076171113,0,1,5.057637804634499,5464.8446660946765,1,7.475271244281805,2,4,2,3.0,2
142,2018,east,1,0,15,38,50409.76962115814,1.3656111248356624,4.521696057460508,0,0,3.57272188242007,6254.199069315087,1,8.239084973894345,2,5,4,4.0,3
142,2019,east,1,0,15,39,52367.60772596905,1.3656111248356624,4.20146713447343,0,0,3.076003556762907,7079.994820686268,1,8.813225072389688,3,5,5,4.0,1
142,2020,east,1,0,15,40,54601.27606663523,1.3656111248356624,5.900113047941025,0,0,3.3738835449987574,8644.000500992912,1,8.04202724495785,4,5,5,3.0,4
142,2021,east,1,0,15,41,50340.08565758743,1.3656111248356624,6.218362562845084,0,0,3.930697441562254,5260.28388314186,1,9.546522177994897,0,5,5,4.0,3
142,2022,east,1,0,15,42,53433.901654598354,1.3656111248356624,6.068429041025168,0,1,2.2043979624986028,10360.191423444332,0,6.123059666024472,1,3,1,2.0,4
142,2023,east,1,0,15,43,63288.04389171076,1.3656111248356624,5.37074449436478,0,1,5.2099152317556054,9548.433166247156,1,10.0,5,5,2,3.0,3
142,2024,east,1,0,15,44,61304.917463471276,1.3656111248356624,4.959429363148792,0,1,5.024157429711034,7445.0571668103785,1,7.66876807356301,7,4,3,3.0,3
142,2025,east,1,0,15,45,,1.3656111248356624,4.909888156015619,0,1,3.657529636864591,5988.483243090906,1,7.069687305324963,5,4,4,1.0,3
143,2018,north,1,0,10,34,50817.395975547086,-0.7696704829444818,1.869083445412356,0,0,4.408419162470592,3739.0308751741363,1,7.932972988977697,1,4,4,4.0,5
143,2019,north,1,0,10,35,50193.39966944586,-0.7696704829444818,1.692017767626946,0,0,5.009342780272007,3348.313923576904,1,8.034809248810811,0,5,1,4.0,3
143,2020,north,1,0,10,36,47756.86403115431,-0.7696704829444818,0.6091776532822599,0,0,1.6867214110726154,4877.042633897693,0,9.798969799270822,6,5,3,3.0,4
143,2021,north,1,0,10,37,48503.79347130386,-0.7696704829444818,2.978746001942544,0,0,3.1568393247188107,7270.716458847244,1,8.630076968797828,3,5,3,3.0,1
143,2022,north,1,0,10,38,43011.948561865094,-0.7696704829444818,0.07348265376229968,0,1,6.96817663506893,3374.956008073706,1,8.512924838598899,4,5,3,2.0,3
143,2023,north,1,0,10,39,62707.67186205297,-0.7696704829444818,2.1560199985398514,0,1,2.9852962119962347,3530.772612346931,0,6.109450343368695,2,3,4,1.0,2
143,2024,north,1,0,10,40,55198.953647990835,-0.7696704829444818,2.3509219735372895,0,1,3.4389555856313576,4282.301541332159,0,6.4913982787268605,1,3,3,3.0,2
143,2025,north,1,0,10,41,55397.99834827271,-0.7696704829444818,3.1681386063964725,0,1,4.841349201745861,4411.639413929792,1,6.796935208528758,2,4,4,3.0,3
144,2018,east,0,0,14,51,46303.113482095956,-1.4515982848173545,1.7127956152080837,0,0,3.1697045599342353,5052.375832396694,0,6.8880011257427105,3,4,3,3.0,3
144,2019,east,0,0,14,52,61841.08898761136,-1.4515982848173545,4.7309797271803955,0,0,6.332941325859049,10267.998998938603,1,8.682821056141089,5,5,1,4.0,3
144,2020,east,0,0,14,53,,-1.4515982848173545,3.5930148073635384,0,0,6.877651940607631,8229.781990704814,1,8.63696674316757,2,5,5,3.0,5
144,2021,east,0,0,14,54,60109.695803685216,-1.4515982848173545,-1.2816930565432672,0,0,3.4894997952032356,5833.583198806433,1,7.92761537667274,2,4,3,4.0,5
144,2022,east,0,0,14,55,53573.788531920596,-1.4515982848173545,3.51036645297089,0,1,4.625389212465101,8812.433018735523,1,6.258012850168184,6,3,4,4.0,4
144,2023,east,0,0,14,56,60557.2885719911,-1.4515982848173545,4.100141754910776,0,1,4.327018466445056,10179.421250062855,0,7.5821599349035305,4,4,4,4.0,3
144,2024,east,0,0,14,57,57590.17483627584,-1.4515982848173545,2.3598305076895545,0,1,4.897490859883305,11214.485555853302,0,9.913187279780942,6,5,2,5.0,2
144,2025,east,0,0,14,58,58059.32998470971,-1.4515982848173545,2.5975352096731914,0,1,6.66297843123791,11063.648340655518,1,10.0,6,5,4,3.0,3
145,2018,north,1,0,18,51,66816.40397953632,-0.9993342167459934,4.512068453567653,0,0,2.2639044640094195,7216.25018488969,0,8.343462526242195,4,5,4,3.0,3
145,2019,north,1,0,18,52,63550.82073476474,-0.9993342167459934,3.750915355430929,0,0,4.865492376135011,7469.162614837033,0,8.09366230117705,2,5,4,3.0,4
145,2020,north,1,0,18,53,65861.15477642736,-0.9993342167459934,2.6232061976464207,0,0,3.8995090227156775,6152.722333785177,1,8.897261354863174,0,5,3,5.0,2
145,2021,north,1,0,18,54,62921.3239240171,-0.9993342167459934,4.406643828052784,0,0,2.482397061429439,10058.572372946734,1,8.26184822035986,1,5,2,3.0,4
145,2022,north,1,0,18,55,64289.01296859679,-0.9993342167459934,6.44114507679865,0,1,5.0497507683669545,13525.245331368946,1,9.157024304928813,4,5,4,2.0,4
145,2023,north,1,0,18,56,68815.05549757423,-0.9993342167459934,3.2900752448793353,0,1,5.410385084135039,10172.255256186785,1,8.197390814290657,2,5,3,2.0,2
145,2024,north,1,0,18,57,63348.44507812966,-0.9993342167459934,4.082863006005471,0,1,5.70620649793999,10683.450208359964,1,7.260495186562707,4,4,3,4.0,3
145,2025,north,1,0,18,58,81932.7273136241,-0.9993342167459934,2.7004367218254757,0,1,1.4481479483065463,8017.995328804752,1,8.696088644438765,2,5,4,3.0,3
146,2018,central,1,0,16,29,63092.03919940669,0.41912304933161443,6.099269430672319,0,0,5.483120267672787,6668.970754044853,1,7.7373631461532755,2,4,3,4.0,4
146,2019,central,1,0,16,30,63449.98024308455,0.41912304933161443,3.45029029151707,0,0,3.0985322640074364,4402.199457320001,1,8.537082530303529,0,5,2,4.0,2
146,2020,central,1,0,16,31,58667.43636782029,0.41912304933161443,5.278396806727509,0,0,5.287097364139139,8496.749090853411,1,6.650962705697828,1,4,5,3.0,1
146,2021,central,1,0,16,32,61096.95629797691,0.41912304933161443,4.3424308646820595,0,0,4.883824558815792,6595.889015906398,1,7.447458818677815,0,4,4,2.0,3
146,2022,central,1,0,16,33,52926.05286962955,0.41912304933161443,5.894843603681478,0,1,5.894747437457201,7778.818366094718,1,8.932044819824672,1,5,2,2.0,2
146,2023,central,1,0,16,34,49528.03170802405,0.41912304933161443,4.189733355256284,0,1,3.0511895301445175,10042.78781273689,1,8.969401062527314,2,5,3,3.0,4
146,2024,central,1,0,16,35,56828.6480979399,0.41912304933161443,2.916781765698646,0,1,7.005228799187334,4683.09161372506,1,6.665142858380951,2,4,3,5.0,2
146,2025,central,1,0,16,36,,0.41912304933161443,4.1494578941784415,0,1,4.55832936955051,6561.692415046887,1,8.9448511117698,1,5,2,3.0,1
147,2018,central,1,1,17,32,39633.49321221769,-1.7186124167526202,1.9694158554085774,0,0,2.7431289118903153,4084.4419730491704,0,7.072863498747603,2,4,5,4.0,5
147,2019,central,1,1,17,33,50154.05535683786,-1.7186124167526202,3.7344885478625987,0,0,2.434608377948585,5048.308784774955,1,7.532470215597425,1,4,2,4.0,2
147,2020,central,1,1,17,34,48582.995652030244,-1.7186124167526202,3.917488061776104,0,0,1.6462216035188657,5563.986129511944,1,8.558559322118619,6,5,4,3.0,2
147,2021,central,1,1,17,35,51232.96065371584,-1.7186124167526202,1.9034625321411656,0,0,1.1099588567417589,5721.053703545948,0,7.05418660481954,3,4,3,5.0,3
147,2022,central,1,1,17,36,44402.47037844376,-1.7186124167526202,3.376629983395275,0,1,3.6925153838831117,5245.7724441549335,1,7.754919421039499,2,4,4,3.0,2
147,2023,central,1,1,17,37,50992.766287590865,-1.7186124167526202,2.1838479610482797,0,1,0.6928021518058665,6303.996858625909,1,7.584987434479843,2,4,1,3.0,5
147,2024,central,1,1,17,38,,-1.7186124167526202,3.17390085844291,0,1,3.0769730950689618,4666.362879444715,1,7.64004044846994,2,4,3,3.0,3
147,2025,central,1,1,17,39,58313.137439364364,-1.7186124167526202,2.880059716131065,0,1,5.7912098501531535,6401.133901377868,0,9.66717746444695,4,5,3,5.0,3
148,2018,south,0,0,9,28,35277.805236853994,0.5013736939925405,1.9748631994123942,0,0,0.6955932867494615,3459.646043909326,1,6.102280514353371,0,3,4,5.0,3
148,2019,south,0,0,9,29,40919.232409462784,0.5013736939925405,2.950208997560002,0,0,1.3991040273896806,3849.5023203338274,0,4.824992296830519,2,2,4,3.0,4
148,2020,south,0,0,9,30,46785.62704145182,0.5013736939925405,3.073313989751895,0,0,3.0293836672203747,2954.2569633059084,0,6.072780008989829,1,3,1,4.0,3
148,2021,south,0,0,9,31,46833.8577759915,0.5013736939925405,2.295446556443152,0,0,-0.3009852739945347,2906.6187706466135,1,6.90155600188041,0,4,4,5.0,3
148,2022,south,0,0,9,32,43795.40567154412,0.5013736939925405,2.9374337413561395,0,1,1.7953045086033987,3046.7139965276533,0,7.0168941317334,0,4,4,,3
148,2023,south,0,0,9,33,36347.86791780413,0.5013736939925405,1.5322644232907412,0,1,3.2250981060088324,3403.5817643554287,1,6.923468644325732,4,4,3,4.0,2
148,2024,south,0,0,9,34,45108.55276239255,0.5013736939925405,3.0207338942766238,0,1,2.035357062132827,4211.073356703615,1,7.2791083279960205,1,4,4,4.0,2
148,2025,south,0,0,9,35,49193.034367464104,0.5013736939925405,2.992476983392116,0,1,-1.4922206545295684,3432.6106313948017,1,5.0705533283244595,3,3,3,2.0,4
149,2018,east,1,1,15,29,55819.30726314218,-0.715059864146925,4.867902901912126,0,0,4.34236574935469,5490.5904761755955,1,8.31328954654673,4,5,3,2.0,4
149,2019,east,1,1,15,30,52186.179793718075,-0.715059864146925,2.553904582142998,0,0,5.6149609545229815,7155.6787224110685,0,8.77405306927294,2,5,2,2.0,3
149,2020,east,1,1,15,31,46884.27719382472,-0.715059864146925,2.8858114876843612,0,0,4.0671790182164145,5238.062680086997,1,8.013289586088812,2,5,4,5.0,1
149,2021,east,1,1,15,32,43702.339491153325,-0.715059864146925,4.474059303237773,0,0,4.778531800501903,5505.873085028206,1,6.076376971554195,3,3,3,4.0,4
149,2022,east,1,1,15,33,43987.2111626504,-0.715059864146925,3.166815816114798,0,1,5.103719714779271,5974.849411940632,0,,7,4,3,4.0,2
149,2023,east,1,1,15,34,52265.490678402435,-0.715059864146925,1.5904701960390355,0,1,4.948549676198882,3325.3367414392133,1,7.769416996975759,0,4,2,3.0,4
149,2024,east,1,1,15,35,57495.415751681816,-0.715059864146925,4.508046650355715,0,1,4.5597011307120585,6048.196884814466,0,6.999534918965148,2,4,5,4.0,3
149,2025,east,1,1,15,36,55334.86686078556,-0.715059864146925,3.2939159607769977,0,1,5.818845143341102,5450.209171348415,1,6.256509104698905,1,3,3,3.0,4
